ppin,name,city,zip,inside_pps,enroll_2015-16,enroll_2017-18,enroll_2019-20,enroll_2021-22,enroll_2023-24
A1990626,A RENAISSANCE SCHOOL OF ARTS AND SCIENCES,Portland,97239,True,,,114,129,
A2302424,ACTIVATE SCHOOL,Portland,97202,True,,,,,18
A1503086,ALBINA YOUTH OPPORTUNITY SCHOOL,Portland,97227,True,127,,,,
01160788,ALL SAINTS CHOOL,Portland,97232,True,461,,,448,
A1792072,ALTIAR SCHOOL,Portland,97229,False,,18,7,,
K9500408,BARNES-MILLER CHILD DEVELOPMENT CENTER,Portland,97225,False,,,43,,
K9304554,BEAUTIFUL SAVIOR LUTHERAN PRESCHOOL,Happy Valley,97086,False,,,,7,
02051938,BELMONT ACADEMY,Portland,97214,True,5,,,,
A0771484,BETHANY VILLAGE MONTESSORI,Portland,97229,False,5,44,50,5,
A0302555,BRIDGES MIDDLE SCHOOL,Portland,97201,True,32,35,52,52,60
A2302430,BUSY HANDS MONTESSORI,Portland,97229,False,,,,,5
01160766,CATHEDRAL SCHOOL,Portland,97209,True,227,227,225,,
A2400151,CATLIN GABEL,Portland,97225,False,,,,,763
02162831,CATLIN GABEL SCHOOL,Portland,97225,False,734,,,,767
BB220509,CEDAR HILLS KINDERGARTEN AND PRESCHOOL,Portland,97225,False,,,,16,16
A0302548,CEDARWOOD WALDORF SCHOOL,Portland,97201,True,,261,238,222,215
01160755,CENTRAL CATHOLIC HIGH SCHOOL,Portland,97214,True,913,,844,845,865
A2302432,CHESTNUT GROVE MONTESSORI CHILDRENS HOUSE,Portland,97202,True,,,,,3
K9304544,CHILD'S VIEW MONTESSORI SCHOOL,Portland,97219,True,10,18,,15,
K9304538,CHILDPEACE MONTESSORI SCHOOL,Portland,97209,True,244,254,253,206,186
A0750083,CHILDREN'S PARK LEARNING CENTER,Tigard,97223,False,8,28,,,
A1371413,CHINESE AMERICAN INTERNATIONAL SCHOOL,Lake Oswego,97034,False,6,4,7,,
01160824,CHRIST THE KING CATHOLIC SCHOOL,Milwaukie,97222,False,250,233,233,221,
A1903578,CHRISTA MCAULIFFE ACADEMY - SCHOOL OF ARTS/SCES,Lake Oswego,97035,False,,,377,549,
A9300780,CITY CHRISTIAN SCHOOLS,Portland,97220,True,406,,,,
A0304100,CLASS ACADEMY,Portland,97210,True,117,135,146,117,120
01161373,COLUMBIA CHRISTIAN SCHOOLS,Portland,97216,True,317,311,244,273,322
A9303729,COMMUNITY TRANSITIONAL SCHOOL,Portland,97218,True,89,93,86,60,76
A1302615,CONCORDIA MONTESSORI,Portland,97211,True,1,,,,
A1371417,CREATIVE MINDS LEARNING CENTER - BROADWAY,Portland,97292,True,8,,,,
A1371418,CREATIVE MINDS LEARNING CENTER - SELLWOOD,Portland,97292,True,10,,,,
A0304101,DE LA SALLE NORTH CATHOLIC HIGH SCHOOL,Portland,97218,True,313,292,277,274,220
A2302437,DOUBLE CREEK SCHOOL FOR GIFTED CHILDREN,Portland,97223,False,,,,,8
02052421,EDISON HIGH SCHOOL,Portland,97225,False,90,96,102,113,135
A2302475,FOR AUTISM MINDS EVERYWHERE,Beaverton,97008,False,,,,,12
A1101884,FORA HEALTH ALTERNATIVE SCHOOL,Portland,97208,True,,,,12,
A9105390,FRANCISCAN MONTESSORI EARTH SCHOOL,Portland,97236,False,258,230,291,245,228
02052159,FRENCH INTERNATIONAL SCHOOL OF OREGON,Portland,97229,False,,462,472,430,451
K9304563,GATEWAY CHRISTIAN SCHOOL,Portland,97294,False,22,,,,
A1503091,GOODTIME CHINESE SCHOOL,Portland,97229,False,121,120,139,84,41
A1702954,GOODTIME CHINESE SCHOOL,Portland,97229,False,,73,12,58,37
01161679,GRACE LUTHERAN SCHOOL,Portland,97216,True,85,82,89,73,83
A0902660,HAPPY DAY CHRISTIAN CHILD CARE,Portland,97216,True,9,6,10,6,7
A0750069,HAPPY HOLLOW CHILDREN'S CENTER,Beaverton,97005,False,93,10,,,
A0771506,HARMONY MONTESSORI SCHOOL,Portland,97216,False,141,36,54,,
A9503400,HILLTOP EARLY LEARNING ACADEMY,Portland,97239,True,51,69,7,10,
01160744,HOLY CROSS CATHOLIC SCHOOL,Portland,97203,True,205,207,233,199,215
01160733,HOLY FAMILY SCHOOL,Portland,97202,True,,,,208,175
01160722,HOLY REDEEMER CATHOLIC SCHOOL,Portland,97217,True,255,250,255,236,236
A1371433,INTERNATIONAL LEADERSHIP ACADEMY,Lake Oswego,97034,False,32,35,38,59,69
A9503417,INTERNATIONAL SCHOOL OF PORTLAND,Portland,97201,True,371,331,278,286,290
A0902663,ISLAMIC SCHOOL OF PORTLAND,Portland,97280,True,74,67,75,,
01161249,JESUIT HIGH SCHOOL,Portland,97225,False,1300,1268,1275,1281,1279
A0701848,KINDERCARE LEARNING CENTERS #301042,Lake Oswego,97035,False,10,,,,
A1371438,L'ETOILE FRENCH IMMERSION SCHOOL,Portland,97239,True,77,79,96,107,84
01160813,LA SALLE CATHOLIC COLLEGE PREPARATORY,Milwaukie,97222,False,683,706,702,,659
A2103059,LINDAMOOD-BELL LEARNING PROCESSES PORTLAND,Portland,97221,True,,,,5,
A1371442,MAAYAN  TORAH DAY SCHOOL,Lake Oswego,97035,False,52,63,62,53,62
A2302457,MAAYAN TORAH DAY SCHOOL,Lake Oswego,97035,False,,,,,63
A0108722,MAIMONIDES JEWISH DAY SCHOOL,Portland,97239,True,30,28,39,25,
A2302462,MONTESSORI CHILDRENS HOUSE,Portland,97239,True,,,,,2
A0771525,MONTESSORI OF ALAMEDA,Portland,97218,True,10,,4,,4
A9105406,MONTESSORI SCHOOL OF BEAVERTON,Portland,97229,False,124,118,116,,
BB140898,MT SCOTT PARK CENTER FOR LEARNING,Portland,97206,True,148,145,149,131,
A1302626,NAYA EARLY COLLEGE ACADEMY,Portland,97218,True,75,56,,,
A0108758,NORTHWEST ACADEMY,Portland,97205,True,212,225,239,239,
A1371450,NORTHWEST CHINESE ACADEMY,Portland,97225,False,50,42,,,
A1702951,OPEN SCHOOL NORTH,Portland,97217,True,,37,,,
01161555,OREGON EPISCOPAL SCHOOL,Portland,97223,False,846,850,858,854,
A2302470,OREGON HOPE CHINESE SCHOOL,Portland,97229,False,,,,,10
A0502859,OREGON OUTREACH,Portland,97217,True,104,104,161,45,
BB140900,OREGON OUTREACH INC. ROSI HINTON HIGH SCHOOL,Portland,97233,True,50,,,,
01160857,OUR LADY OF THE LAKE CARTHOLIC SCHOOL,Lake Oswego,97034,False,233,226,247,,256
A9503396,PACIFIC CREST COMMUNITY SCHOOL,Portland,97232,True,93,93,90,85,
A9503422,PARK ACADEMY,Lake Oswego,97034,False,114,89,96,101,99
A2302471,PARKROSE MONTESSORI,Portland,97230,False,,,,,1
01162016,PORTLAND ADVENTIST ACADEMY,Portland,97216,True,285,261,217,153,193
A0902677,PORTLAND CHINESE SCHOOL,Portland,97291,True,107,64,64,50,41
01931607,PORTLAND CHRISTIAN ELEMENTARY SCHOOL,Portland,97216,False,270,,,,
A2302473,PORTLAND CHRISTIAN ELEMENTARY SCHOOL,Portland,97216,False,,,,,322
01161442,PORTLAND CHRISTIAN SCHOOLS,Portland,97230,False,277,576,549,511,628
AA890802,PORTLAND JEWISH ACADEMY,Portland,97219,True,180,185,189,186,169
A2200046,PORTLAND MONTESSORI COLLABORATIVE,Portland,97221,True,,,,,2
A9503403,PORTLAND WALDORF SCHOOL,Milwaukie,97222,False,260,260,304,253,296
A0502861,PORTLAND YOUTHBUILDERS,Portland,97266,True,,60,31,75,27
K9304562,PRINCE OF PEACE SCHOOL,Portland,97229,False,31,30,42,40,30
A0902678,PUDDLETOWN SCHOOL,Portland,97202,True,31,53,69,43,66
K9304494,ROCKING HORSE DAY SCHOOL,Lake Oswego,97035,False,22,,,,
A9503402,ROSEMARY ANDERSON HIGH SCHOOL/PORTLAND OIC,Portland,97217,True,163,134,,,326
A2302479,ROSEMARY ANDERSON MIDDLE SCHOOL,Portland,97203,True,,,,,31
A1903598,SHINING STAR WALDORF SCHOOL,Portland,97203,True,,,65,78,117
A1101904,SLAVIC CHRISTIAN ACADEMY,Portland,97266,False,,,53,,
K9304495,SONSHINE EXPRESS PRESCHOOL,Lake Oswego,97035,False,9,8,14,12,13
01161227,ST AGATHA CATHOLIC SCHOOL,Portland,97202,True,198,170,172,,138
A0302593,ST ANDREW NATIVITY SCHOOL,Portland,97211,True,83,83,80,83,81
01160915,ST ANTHONY SCHOOL,Tigard,97223,False,313,287,,,
01161114,ST CLARE SCHOOL,Portland,97219,True,224,202,209,230,228
01161089,ST IGNATIUS SCHOOL,Portland,97206,True,218,218,217,213,196
K9304529,ST JAMES CHILD DEVELOPMENT CENTER,Portland,97201,True,14,14,20,10,
01161078,ST JOHN FISHER,Portland,97219,True,220,214,208,216,204
01160802,ST JOHN THE BAPTIST CATHOLIC SCHOOL,Milwaukie,97222,False,178,167,158,214,146
01161191,ST MARYS ACADEMY,Portland,97201,True,720,695,370,,606
01161067,ST PIUS X SCHOOL,Portland,97229,False,452,488,485,498,513
01161056,ST ROSE SCHOOL,Portland,97213,True,182,220,,244,194
01161045,ST THERESE  CATHOLIC SCHOOL,Portland,97230,False,202,196,163,185,195
01161034,ST THOMAS MORE SCHOOL,Portland,97221,True,220,20,211,222,193
A1503111,STERLING WEST - PORTLAND CAMPUS,Milwaukie,97222,False,17,,,,
A9503414,SUNNYSIDE MENNONITE MONTESSORI SCHOOL,Portland,97214,True,3,,,,11
A0304104,SUNSTONE MONTESSORI SCHOOL,Portland,97206,True,111,93,106,70,85
01160584,THE MADELEINE ELEMENTARY SCHOOL,Portland,97212,True,258,263,264,270,256
BB130400,THE MONTESORRI HOUSE OF ST JOHNS,Portland,97203,True,,,,2,
A0771532,THE PORTLAND MONTESSORI SCHOOL,Portland,97213,True,171,59,47,42,55
A9303717,TOUCHSTONE SCHOOL,Lake Oswego,97035,False,86,87,,,
A2103067,TRINITY ACADEMY,Portland,97217,True,,,,104,126
01161431,TRINITY LUTHERAN SCHOOL,Portland,97218,True,77,63,137,59,50
A9105423,TUCKER MAXON SCHOOL,Portland,97202,True,55,53,45,62,48
A1302643,URBAN ED ALTERNATIVE SCHOOL OUTSIDE IN SCHOOL,Portland,97205,True,50,,15,59,
A0771555,VALLEY VIEW DAYSCHOOL,Clackamas,97015,False,15,15,,,
A1792074,VENN ACADEMY,Portland,97215,True,,12,13,15,
A0790145,VILLAGE FREE SCHOOL,Portland,97212,True,60,54,64,63,62
A9105426,WEST HILLS CHRISTIAN SCHOOL,Portland,97219,True,425,377,,,322
A0771556,WEST HILLS LEARNING CENTER,Portland,97219,True,,1,,,
A0108763,WEST HILLS MONTESSORI SCHOOL-LAKE OSWEGO,Lake Oswego,97035,False,10,21,20,20,17
01161533,WEST HILLS MONTESSORI SCHOOL-VERMONT,Portland,97219,True,79,83,86,89,103
02052126,WESTSIDE CHRISTIAN HIGH SCHOOL,Tigard,97223,False,218,218,185,258,
K9500424,WHOLE CHILD MONTESSORI CENTER,Portland,97202,True,12,16,16,15,10
A2190671,WILLAMETTE VALLEY ACADEMY,Portland,97229,False,,,,20,
A2302499,WOODLAWN MONTESSORI,Portland,97211,True,,,,,1
A9503425,YOURTH PROGRESS LEARNING CENTER,Portland,97202,True,30,25,,,
