key,type,bldg_area_sf,fci_2021,deferred_maintenance_2026usd,seismic_retrofit_2026usd,urm_retrofit_subset_2026usd,must_fix_2026usd,full_modernization_2026usd
Abernethy,ES,48246,0.16,5147000,13508000,491000,18655000,32172000
Ainsworth,ES,57188,0.16,6101000,11053000,8590000,17154000,38134000
Alameda,ES,65765,0.2,8771000,10308000,1529000,19078000,43854000
Arleta,ES,71185,0.23,10918000,13494000,,24412000,47468000
Astor,K8,49434,0.16,5274000,5526000,,10801000,32964000
Atkinson,ES,54472,0.18,6538000,4227000,,10765000,36323000
Beach,ES,70498,0.17,7992000,16358000,1474000,24350000,47010000
Beaumont,MS,91294,0.12,7735000,21027000,,28762000,64458000
Beverly Cleary,K8,104356,0.1,6959000,22193000,15728000,29152000,69587000
Boise-Eliot/Humboldt,ES,65248,0.2,8702000,18442000,,27143000,43509000
Bridger Creative Science,K8,48948,0.24,7834000,0,,7834000,32640000
Bridlemile,ES,56220,0.17,6373000,12506000,27000,18879000,37489000
Buckman,ES,74161,0.19,9396000,23318000,21571000,32714000,49452000
Capitol Hill,ES,51812,0.2,6910000,11544000,3746000,18454000,34549000
Chapman,ES,64385,0.43,18461000,15640000,,34102000,42933000
Chief Joseph,ES,44859,0.19,5683000,5062000,,10746000,29913000
Clark,ES,50227,0.17,5694000,0,,5694000,33493000
Cleveland,HS,256984,0.29,57491000,0,,57491000,198244000
Creston,ES,70765,0.16,7550000,15961000,11981000,23511000,47188000
César Chávez,K8,78061,0.14,7287000,20205000,,27492000,52053000
Duniway,ES,68775,0.13,5962000,15957000,459000,21919000,45861000
Faubion,K8,170638,0.0,,0,,0,113786000
Forest Park,ES,62833,0.05,2095000,,,2095000,41899000
Franklin,HS,296719,0.0,,0,,0,228896000
George,MS,76142,0.13,6989000,14758000,12205000,21747000,53760000
Glencoe,ES,60094,0.31,12422000,13689000,263000,26111000,40072000
Grant,HS,303271,0.0,,0,,0,233950000
Gray,MS,74614,0.15,7902000,11127000,,19029000,52681000
Grout,ES,73066,0.28,13642000,20145000,,33787000,48722000
Harriet Tubman,MS,87610,0.05,3093000,12361000,,15454000,61857000
Harrison Park,MS,110775,0.35,27374000,14398000,,41772000,78213000
Hayhurst,ES,50314,0.21,7046000,5622000,568000,12668000,33551000
Hosford,MS,88532,0.08,5001000,20337000,,25337000,62508000
Ida B Wells-Barnett,HS,290246,0.24,53737000,0,,53737000,223903000
Irvington,ES,59874,0.28,11179000,17754000,,28933000,39925000
Jackson,MS,219281,0.09,13934000,32951000,,46885000,154823000
James John,ES,64285,0.1,4287000,19659000,1114000,23946000,42867000
Jefferson,HS,318790,0.21,51644000,0,,51644000,245922000
Kellogg,MS,108110,,,0,,0,76331000
Kelly,ES,77995,0.24,12482000,9551000,2102000,22033000,52009000
Lane,MS,94753,0.13,8697000,19594000,,28291000,66900000
Laurelhurst,K8,59239,0.11,4345000,14562000,,18907000,39502000
Lee,ES,63170,0.16,6740000,7515000,2081000,14255000,42123000
Lent,ES,78100,0.28,14582000,0,,14582000,52079000
Lewis,ES,47389,0.2,6320000,0,,6320000,31600000
Lincoln,HS,292000,,,0,,0,225256000
Llewellyn,ES,52204,0.4,13924000,14054000,,27978000,34811000
MLK Jr,ES,108598,0.09,6517000,23154000,,29672000,72416000
Maplewood,ES,40636,0.28,7587000,3752000,,11339000,27097000
Markham,ES,79714,0.19,10099000,10231000,2403000,20331000,53155000
Marysville,ES,52724,0.19,6680000,8000000,1529000,14680000,35158000
McDaniel,HS,370112,,,0,,0,285513000
Mt Tabor,MS,79477,0.15,8417000,12787000,5352000,21204000,56115000
Ockley Green,MS,74018,0.15,7839000,10725000,,18564000,52260000
Odyssey,K8,24875,0.32,5308000,3517000,,8825000,16587000
Peninsula,ES,62231,0.09,3735000,7121000,,10856000,41497000
Richmond,ES,79894,0.2,10655000,14720000,1879000,25375000,53275000
Rieke,ES,34272,0.17,3885000,6597000,4544000,10482000,22853000
Rigler,ES,69143,0.14,6455000,17055000,3107000,23509000,46106000
Roosevelt,HS,271306,0.0,,0,,0,209292000
Rosa Parks,ES,68176,0.01,455000,0,,455000,45461000
Rose City Park,ES,73719,0.12,5899000,23045000,22838000,28944000,49158000
Roseway Heights,MS,103610,0.09,6584000,17126000,,23710000,73154000
Sabin,ES,65769,0.08,3509000,21101000,2840000,24610000,43856000
Scott,ES,68805,0.08,3670000,12582000,,16252000,45881000
Sellwood,MS,87364,0.17,10486000,22029000,,32516000,61683000
Sitton,ES,58487,0.14,5460000,6209000,,11669000,39001000
Skyline,K8,38327,0.18,4600000,6638000,,11238000,25557000
Stephenson,ES,40460,0.15,4047000,8025000,,12072000,26980000
Sunnyside Environmental,K8,56245,0.16,6001000,13641000,,19642000,37506000
Vernon,K8,70833,0.18,8502000,6843000,2676000,15345000,47233000
Vestal,ES,72906,0.21,10209000,19059000,,29268000,48615000
West Sylvan,MS,108187,0.14,10694000,13710000,,24404000,76385000
Whitman,ES,57244,0.18,6871000,7378000,,14249000,38172000
Winterhaven,K8,41345,0.19,5238000,9428000,885000,14667000,27570000
Woodlawn,ES,106432,0.07,4968000,16309000,,21277000,70971000
Woodmere,ES,51900,0.21,7268000,14952000,,22220000,34608000
Woodstock,ES,65221,0.06,2609000,9013000,279000,11623000,43491000
