school,fci,bldg_area_sf,page
Applegate Early Learning Center,0.14,27785,4
Clarendon Early Learning Center,0.07,40723,5
Sacajawea Early Learning Center,0.1,18862,6
Abernethy Elementary School,0.16,48246,8
Ainsworth Elementary School,0.16,57188,9
Alameda Elementary School,0.2,65765,11
Arleta Elementary School,0.23,71185,12
Atkinson Elementary School,0.18,54472,13
Beach Elementary School,0.17,70498,15
Beverly Cleary - Hollyrood K-1,0.1,15541,16
Boise-Eliot Elementary School,0.2,65248,18
Bridger Elementary School,0.24,48948,19
Bridlemile Elementary School,0.17,56220,21
Buckman Elementary School,0.19,74161,22
Capitol Hill Elementary School,0.20,51812,24
Chapman Elementary School,0.43,64385,25
Chief Joseph Elementary School,0.19,44859,27
Creston Elementary School,0.16,,28
Duniway Elementary School,0.13,68775,30
Forest Park Elementary School,0.05,62833,31
Glencoe Elementary School,0.31,60094,33
Grout Elementary School,0.28,73066,34
Hayhurst Elementary School,0.21,50314,36
Irvington Elementary School,0.28,59874,37
James John Elementary School,0.1,64285,39
Kelly Elementary School,0.24,77995,40
Lee Elementary School,0.16,63170,42
Lent Elementary School,0.28,78100,43
Lewis Elementary School,0.2,47389,45
Llewellyn Elementary School,0.4,52204,46
Maplewood Elementary School,0.28,40636,48
Markham Elementary School,0.19,79714,49
Marysville Elementary School,0.19,52724,51
Mlk Jr Elementary School,0.09,108598,52
Peninsula Elementary School,0.09,62231,54
Richmond Elementary School,0.2,79894,55
Rieke Elementary School,0.17,34272,57
Rigler Elementary School,0.14,69143,58
Rosa Parks Elementary School,0.01,68176,60
Rose City Park Elementary School,0.12,73719,61
Sabin Elementary School,0.08,65769,62
Scott Elementary School,0.08,68805,64
Sitton Elementary School,0.14,58487,65
Stephenson Elementary School,0.15,40460,67
Vestal Elementary School,0.21,72906,68
Whitman Elementary School,0.18,57244,70
Woodlawn Elementary School,0.07,106432,71
Woodmere Elementary School,0.21,51900,73
Woodstock Elementary School,0.06,65221,74
Astor K-8 School,0.16,49434,77
Beverly Cleary - Fernwood K-8 School,0.1,88815,78
Cesar Chavez K-8 School,0.14,78061,80
Clark K-8 Creative Science School,0.17,50227,81
East Sylvan K-8 School,0.32,24875,83
Faubion K-8 School,0.0,170638,84
Laurelhurst K-8 School,0.11,59239,86
Skyline K-8 School,0.18,38327,87
Sunnyside K-8 School,0.16,56245,89
Vernon K-8 School,0.18,70833,90
Winterhaven K-8 School,0.19,41345,92
Beaumont Middle School,0.12,91294,95
Da Vinci Middle School,0.11,88659,96
George Middle School,0.13,76142,98
Gray Middle School,0.15,74614,99
Harriet Tubman Middle School,0.05,87610,101
Harrison Park Middle School,0.35,110775,103
Hosford Middle School,0.08,88532,104
Jackson Middle School,0.09,219281,106
Kellogg Middle School,,108110,109
Lane Middle School,0.13,94753,110
Mt. Tabor Middle School,0.15,79477,111
Ockley Green Middle School,0.15,74018,113
Roseway Heights Middle School,0.09,103610,114
Sellwood Middle School,0.17,87364,116
West Sylvan Middle School,0.14,108187,117
Benson High School,,371189,120
Cleveland High School,0.29,256984,121
Franklin High School,0.0,296719,122
Grant High School,0.0,303271,123
Jefferson High School,0.21,318790,124
Lincoln High School,,292000,126
Roosevelt High School,0.0,,127
Ida B Wells- Barnett High School,0.24,290246,128
Green Thumb Community Transition Program,,31907,130
Mlc K-12,,70349,131
Terwilliger,,26393,132
Pioneer Program - Holladay Center,,30568,133
Pioneer Program - Youngson,,31781,134
Smith K-5 School,,37927,136
Marshall High School,,273646,139
Kenton School,,66599,143
Meek Prof Tech School,,35945,146
Whitaker - Adams Vacant Site,,,149
Holladay Annex,,29800,153
