scenario,band,school,residents,mean_walk_mi,median_walk_mi,beyond_1mi_share,beyond_1mi,beyond_1mi_walkmi,walk_min_mean,walk_15min_share,bike_min_mean,bike_15min_share,drive_min_mean,drive_15min_share,nearest_is_assigned_share,walk_hist,bike_hist,drive_hist,beyond_1.5mi_share,beyond_1.5mi,beyond_1.5mi_walkmi
SQ,k5,Abernethy,695,0.94,0.94,0.472,328,448,18.9,0.397,5.5,1.0,4.1,1.0,0.495,38;110;129;91;232;96;0;0,318;370;7;0;0;0;0;0,470;225;0;0;0;0;0;0,,,
SQ,k5,Ainsworth,684,1.34,1.33,0.619,423,765,26.8,0.261,9.2,0.815,5.8,1.0,0.717,25;85;69;82;141;192;84;6,194;205;158;99;27;0;0;0,294;340;50;0;0;0;0;0,,,
SQ,k5,Alameda,801,0.87,0.76,0.405,324,446,17.4,0.496,5.3,1.0,4.1,1.0,0.615,54;168;174;80;220;104;0;0,421;340;40;0;0;0;0;0,549;252;0;0;0;0;0;0,,,
SQ,k5,Arleta,561,0.69,0.58,0.205,115,153,13.8,0.682,4.2,1.0,3.6,1.0,0.724,36;180;166;63;89;26;0;0,415;141;5;0;0;0;0;0,460;101;0;0;0;0;0;0,,,
SQ,k5,Astor,398,0.7,0.62,0.207,83,105,14.0,0.661,4.2,1.0,3.1,1.0,0.517,33;84;146;53;82;1;0;0,277;122;0;0;0;0;0;0,368;30;0;0;0;0;0;0,,,
SQ,k5,Atkinson,467,0.67,0.57,0.215,100,129,13.5,0.668,4.1,1.0,3.0,1.0,0.74,38;151;123;54;99;1;0;0,334;132;0;0;0;0;0;0,464;3;0;0;0;0;0;0,,,
SQ,k5,Beach,505,0.68,0.65,0.12,61,75,13.6,0.638,4.3,1.0,3.9,1.0,0.817,26;117;179;122;59;2;0;0,344;159;2;0;0;0;0;0,435;70;0;0;0;0;0;0,,,
SQ,k5,Beverly Cleary,466,0.68,0.7,0.094,44,46,13.5,0.548,4.1,1.0,3.5,1.0,0.666,27;110;118;167;44;0;0;0,284;181;0;0;0;0;0;0,455;11;0;0;0;0;0;0,,,
SQ,k5,Boise-Eliot/Humboldt,499,0.76,0.73,0.216,108,122,15.2,0.525,4.8,1.0,3.7,1.0,0.563,10;65;187;129;108;0;0;0,286;213;0;0;0;0;0;0,464;35;0;0;0;0;0;0,,,
SQ,k5,Bridger Creative Science,236,0.51,0.47,0.031,7,8,10.2,0.824,3.1,1.0,3.2,1.0,0.919,29;101;64;34;7;0;0;0,205;31;0;0;0;0;0;0,224;12;0;0;0;0;0;0,,,
SQ,k5,Bridlemile,761,1.39,1.02,0.512,389,829,27.8,0.328,9.1,0.764,5.7,0.999,0.933,24;98;128;122;121;53;186;29,223;267;91;167;13;0;0;0,405;277;78;1;0;0;0;0,,,
SQ,k5,Buckman,294,0.68,0.62,0.203,59,73,13.6,0.653,4.1,1.0,3.2,1.0,0.727,25;73;94;42;55;4;0;0,203;88;2;0;0;0;0;0,269;24;0;0;0;0;0;0,,,
SQ,k5,Capitol Hill,677,1.47,1.22,0.605,410,843,29.4,0.27,9.6,0.782,5.4,1.0,0.577,33;91;59;85;155;106;45;104,181;252;97;70;78;0;0;0,327;333;17;0;0;0;0;0,,,
SQ,k5,Chapman,1008,1.07,1.06,0.604,608,849,21.3,0.279,6.8,1.0,5.8,1.0,0.832,53;116;113;118;413;184;11;0,287;559;161;0;0;0;0;0,303;692;13;0;0;0;0;0,,,
SQ,k5,Chief Joseph,486,0.68,0.56,0.236,115,153,13.5,0.7,4.1,1.0,3.2,1.0,0.758,50;158;132;31;89;26;0;0,359;119;8;0;0;0;0;0,426;60;0;0;0;0;0;0,,,
SQ,k5,Clark,692,1.04,0.99,0.497,344,512,20.9,0.368,6.7,1.0,5.3,1.0,0.554,12;111;132;93;179;163;2;0,249;324;118;0;0;0;0;0,294;397;0;0;0;0;0;0,,,
SQ,k5,Creston,459,0.63,0.62,0.06,28,30,12.6,0.638,4.0,1.0,3.5,1.0,0.665,27;126;140;139;28;0;0;0,324;135;0;0;0;0;0;0,430;30;0;0;0;0;0;0,,,
SQ,k5,César Chávez,267,0.66,0.68,0.015,4,4,13.1,0.63,4.0,1.0,3.4,1.0,0.667,10;47;111;95;4;0;0;0,204;63;0;0;0;0;0;0,266;1;0;0;0;0;0;0,,,
SQ,k5,Duniway,659,1.09,0.76,0.398,263,513,21.7,0.49,7.1,0.985,5.7,1.0,0.486,54;156;113;74;26;185;51;0,284;152;214;10;0;0;0;0,369;267;23;0;0;0;0;0,,,
SQ,k5,Faubion,558,2.22,1.1,0.508,284,1079,44.3,0.406,13.5,0.544,6.6,0.977,0.389,5;90;131;48;5;7;57;214,245;35;24;58;126;69;2;0,277;153;116;11;1;0;0;0,,,
SQ,k5,Forest Park,585,1.11,1.02,0.509,298,463,22.1,0.276,7.1,0.961,5.1,0.998,0.984,39;42;81;126;178;90;20;9,174;312;76;15;8;0;0;0,300;269;14;1;0;0;0;0,,,
SQ,k5,Glencoe,773,0.69,0.65,0.183,142,162,13.9,0.59,4.7,1.0,3.6,1.0,0.664,30;190;236;176;142;0;0;0,445;327;1;0;0;0;0;0,682;91;0;0;0;0;0;0,,,
SQ,k5,Grout,666,0.74,0.67,0.203,135,187,14.8,0.626,4.5,0.999,3.4,1.0,0.73,36;157;225;114;88;46;0;1,465;182;18;0;0;0;0;0,602;64;1;0;0;0;0;0,,,
SQ,k5,Hayhurst,572,0.92,0.81,0.392,224,320,18.3,0.458,5.8,1.0,4.5,1.0,0.634,25;100;138;86;129;95;0;0,273;250;49;0;0;0;0;0,356;216;0;0;0;0;0;0,,,
SQ,k5,Irvington,498,0.55,0.5,0.092,46,51,11.1,0.776,3.4,1.0,3.1,1.0,0.74,56;197;134;66;46;0;0;0,414;85;0;0;0;0;0;0,480;18;0;0;0;0;0;0,,,
SQ,k5,James John,582,0.8,0.71,0.319,186,248,16.1,0.532,4.9,1.0,3.9,1.0,0.756,25;148;136;86;158;28;0;0,347;228;7;0;0;0;0;0,423;159;0;0;0;0;0;0,,,
SQ,k5,Kelly,523,0.66,0.62,0.175,92,104,13.1,0.657,4.3,1.0,3.6,1.0,0.83,34;143;166;88;91;1;0;0,344;179;0;0;0;0;0;0,468;55;0;0;0;0;0;0,,,
SQ,k5,Laurelhurst,539,0.52,0.53,0.0,0,0,10.3,0.835,3.1,1.0,2.6,1.0,0.886,68;179;203;89;0;0;0;0,493;46;0;0;0;0;0;0,539;0;0;0;0;0;0;0,,,
SQ,k5,Lee,490,0.84,0.83,0.367,180,219,16.8,0.396,5.1,1.0,3.8,1.0,0.77,21;82;90;116;177;3;0;0,245;244;2;0;0;0;0;0,383;107;0;0;0;0;0;0,,,
SQ,k5,Lent,370,0.56,0.57,0.0,0,0,11.2,0.846,3.5,1.0,3.0,1.0,0.822,14;133;166;57;0;0;0;0,329;41;0;0;0;0;0;0,369;1;0;0;0;0;0;0,,,
SQ,k5,Lewis,369,0.52,0.52,0.015,6,6,10.4,0.854,3.2,1.0,2.7,1.0,0.868,43;130;142;48;6;0;0;0,340;29;0;0;0;0;0;0,367;2;0;0;0;0;0;0,,,
SQ,k5,Llewellyn,615,0.82,0.83,0.3,184,215,16.3,0.425,4.9,1.0,4.0,1.0,0.997,20;81;160;170;180;4;0;0,313;299;2;0;0;0;0;0,468;146;1;0;0;0;0;0,,,
SQ,k5,MLK Jr,290,0.44,0.45,0.0,0,0,8.9,0.942,3.0,1.0,2.7,1.0,0.969,37;143;94;17;0;0;0;0,283;7;0;0;0;0;0;0,290;0;0;0;0;0;0;0,,,
SQ,k5,Maplewood,584,0.99,1.04,0.524,306,414,19.9,0.303,6.2,1.0,4.6,1.0,0.58,34;72;72;101;234;72;0;0,195;364;25;0;0;0;0;0,348;237;0;0;0;0;0;0,,,
SQ,k5,Markham,774,1.26,1.33,0.645,499,795,25.1,0.215,7.7,0.999,5.7,1.0,0.766,3;90;73;109;206;275;18;0,193;366;216;1;0;0;0;0,265;509;1;0;0;0;0;0,,,
SQ,k5,Marysville,371,0.51,0.49,0.015,5,5,10.2,0.862,3.1,1.0,2.7,1.0,0.948,46;144;129;46;5;0;0;0,333;38;0;0;0;0;0;0,367;3;0;0;0;0;0;0,,,
SQ,k5,Peninsula,467,0.58,0.54,0.086,40,44,11.5,0.718,3.6,1.0,3.0,1.0,0.799,42;173;120;91;40;0;0;0,370;96;0;0;0;0;0;0,460;6;0;0;0;0;0;0,,,
SQ,k5,Rieke,605,0.76,0.7,0.227,138,186,15.1,0.556,4.7,1.0,4.3,1.0,0.812,22;180;135;131;106;30;2;0,375;212;18;0;0;0;0;0,438;167;0;0;0;0;0;0,,,
SQ,k5,Rigler,556,0.89,0.89,0.361,201,258,17.7,0.372,5.3,0.998,4.2,1.0,0.772,14;85;107;148;172;24;4;0,238;306;11;1;0;0;0;0,421;134;0;0;0;0;0;0,,,
SQ,k5,Rosa Parks,437,0.33,0.31,0.0,0,0,6.6,0.985,2.4,1.0,2.5,1.0,0.9,151;221;59;6;0;0;0;0,434;3;0;0;0;0;0;0,437;0;0;0;0;0;0;0,,,
SQ,k5,Rose City Park,540,0.53,0.54,0.01,5,6,10.6,0.818,3.2,1.0,2.2,1.0,0.969,61;173;208;93;5;0;0;0,501;40;0;0;0;0;0;0,540;0;0;0;0;0;0;0,,,
SQ,k5,Sabin,537,0.48,0.48,0.0,0,0,9.6,0.899,3.0,1.0,3.3,1.0,0.623,72;222;189;54;0;0;0;0,510;27;0;0;0;0;0;0,534;2;0;0;0;0;0;0,,,
SQ,k5,Scott,613,0.69,0.71,0.049,30,33,13.8,0.592,4.2,1.0,3.3,1.0,0.874,16;113;234;220;30;0;0;0,430;183;0;0;0;0;0;0,609;4;0;0;0;0;0;0,,,
SQ,k5,Sitton,467,0.68,0.62,0.195,91,113,13.6,0.641,4.2,1.0,4.7,1.0,0.66,31;142;126;76;91;0;0;0,325;141;0;0;0;0;0;0,293;171;3;0;0;0;0;0,,,
SQ,k5,Skyline,228,4.37,4.53,0.98,223,993,87.4,0.009,26.3,0.167,12.1,0.789,0.617,0;1;1;3;12;16;23;173,3;17;18;30;67;86;7;0,16;59;105;35;12;2;0;0,,,
SQ,k5,Stephenson,494,1.08,1.16,0.587,290,407,21.5,0.267,7.3,0.987,5.2,1.0,0.668,14;62;56;72;205;78;7;0,129;247;112;6;0;0;0;0,214;280;0;0;0;0;0;0,,,
SQ,k5,Sunnyside Environmental,330,0.46,0.41,0.019,6,6,9.3,0.856,2.8,1.0,2.8,1.0,0.867,60;145;76;41;6;0;0;0,296;33;0;0;0;0;0;0,329;0;0;0;0;0;0;0,,,
SQ,k5,Vernon,612,0.8,0.63,0.31,190,272,16.1,0.58,5.0,1.0,4.0,1.0,0.658,32;189;135;67;113;77;0;0,370;201;41;0;0;0;0;0,442;170;0;0;0;0;0;0,,,
SQ,k5,Vestal,635,0.72,0.7,0.191,121,143,14.4,0.573,4.3,1.0,3.1,1.0,0.877,32;113;219;150;121;0;0;0,439;196;0;0;0;0;0;0,617;18;0;0;0;0;0;0,,,
SQ,k5,Whitman,542,0.82,0.8,0.337,183,222,16.3,0.464,4.9,1.0,3.7,1.0,0.72,16;110;125;108;167;15;0;0,285;255;2;0;0;0;0;0,471;71;0;0;0;0;0;0,,,
SQ,k5,Woodlawn,481,0.73,0.66,0.237,114,139,14.7,0.594,4.4,1.0,3.3,1.0,0.84,26;101;159;82;105;9;0;0,312;167;2;0;0;0;0;0,454;27;0;0;0;0;0;0,,,
SQ,k5,Woodmere,418,0.67,0.59,0.156,65,86,13.4,0.678,4.0,1.0,3.0,1.0,0.605,31;125;128;70;50;15;0;0,310;106;2;0;0;0;0;0,388;31;0;0;0;0;0;0,,,
SQ,k5,Woodstock,474,0.55,0.56,0.006,3,3,11.1,0.842,3.3,1.0,3.1,1.0,0.747,35;146;218;72;3;0;0;0,437;36;0;0;0;0;0;0,471;2;0;0;0;0;0;0,,,
SQ,68,Astor,174,0.67,0.62,0.144,25,31,13.4,0.677,4.0,1.0,3.0,1.0,0.51,14;39;66;31;25;0;0;0,126;48;0;0;0;0;0;0,167;7;0;0;0;0;0;0,0.002,0,0
SQ,68,Beaumont,464,0.68,0.68,0.153,71,79,13.6,0.568,4.1,1.0,3.3,1.0,0.879,33;114;116;129;71;0;0;0,302;162;0;0;0;0;0;0,444;19;0;0;0;0;0;0,0.0,0,0
SQ,68,Beverly Cleary,268,0.65,0.67,0.067,18,19,13.1,0.599,4.0,1.0,3.4,1.0,0.628,17;63;81;90;18;0;0;0,179;90;0;0;0;0;0;0,262;7;0;0;0;0;0;0,0.0,0,0
SQ,68,Bridger Creative Science,122,0.49,0.5,0.011,1,1,9.9,0.893,3.0,1.0,3.2,1.0,0.962,20;41;48;12;1;0;0;0,113;10;0;0;0;0;0;0,119;4;0;0;0;0;0;0,0.0,0,0
SQ,68,César Chávez,138,0.68,0.69,0.019,3,3,13.6,0.583,4.1,1.0,3.4,1.0,0.712,3;20;57;55;3;0;0;0,99;38;0;0;0;0;0;0,137;0;0;0;0;0;0;0,0.0,0,0
SQ,68,Faubion,250,2.57,2.56,0.608,152,584,51.5,0.324,15.7,0.446,7.3,0.983,0.409,2;27;52;17;1;7;32;112,89;10;13;36;62;39;1;0,98;79;68;4;1;0;0;0,0.604,151,583
SQ,68,George,750,1.12,1.21,0.613,460,667,22.4,0.267,6.8,1.0,4.8,1.0,0.684,22;77;101;90;289;170;0;0,230;420;99;0;0;0;0;0,377;372;1;0;0;0;0;0,0.227,170,293
SQ,68,Gray,777,1.4,1.34,0.687,534,916,27.9,0.17,9.0,0.924,5.4,1.0,0.953,8;32;91;111;207;249;76;2,118;364;235;58;1;0;0;0,343;427;7;0;0;0;0;0,0.421,327,658
SQ,68,Harriet Tubman,895,1.44,1.46,0.82,734,1169,28.7,0.084,8.7,0.994,5.2,1.0,0.376,8;16;51;87;316;380;38;0,93;509;288;5;0;0;0;0,386;510;0;0;0;0;0;0,0.467,418,770
SQ,68,Harrison Park,831,1.41,1.46,0.721,599,1022,28.1,0.188,9.4,0.914,5.7,1.0,0.306,6;63;87;76;202;343;54;0,158;274;326;72;0;0;0;0,296;534;0;0;0;0;0;0,0.478,397,768
SQ,68,Hosford,1048,1.25,1.2,0.586,614,1031,25.0,0.274,7.6,0.969,5.0,1.0,0.692,18;103;166;147;232;304;78;0,330;418;268;32;0;0;0;0,534;512;2;0;0;0;0;0,0.364,382,740
SQ,68,Jackson,1224,1.81,1.73,0.8,980,2048,36.2,0.115,11.6,0.802,7.0,0.999,0.711,4;48;89;104;229;452;192;107,113;387;482;145;80;17;0;0,275;808;140;1;0;0;0;0,0.613,750,1762
SQ,68,Kellogg,564,1.45,1.43,0.71,400,724,29.1,0.201,8.9,0.874,5.5,1.0,0.577,13;50;49;51;149;151;99;0,122;235;136;71;0;0;0;0,204;360;0;0;0;0;0;0,0.445,251,531
SQ,68,Lane,942,1.46,1.47,0.747,704,1210,29.3,0.139,8.8,0.957,6.3,1.0,0.923,2;30;99;107;251;353;100;0,156;426;320;41;0;0;0;0,255;673;15;0;0;0;0;0,0.481,453,894
SQ,68,Laurelhurst,261,0.54,0.55,0.0,0,0,10.8,0.804,3.3,1.0,2.7,1.0,0.915,26;88;96;51;0;0;0;0,231;30;0;0;0;0;0;0,261;0;0;0;0;0;0;0,0.0,0,0
SQ,68,Mt Tabor,357,0.87,0.81,0.327,117,161,17.4,0.436,5.3,1.0,3.9,1.0,0.586,17;55;84;85;80;37;0;0,182;162;13;0;0;0;0;0,265;92;0;0;0;0;0;0,0.103,37,60
SQ,68,Ockley Green,885,1.21,1.16,0.607,538,830,24.1,0.212,7.3,0.999,4.7,1.0,0.709,13;66;109;160;282;232;23;0,235;449;201;1;0;0;0;0,551;334;0;0;0;0;0;0,0.289,256,481
SQ,68,Roseway Heights,1050,1.5,1.41,0.759,797,1391,30.0,0.104,9.0,0.906,6.2,1.0,0.632,6;42;61;143;330;305;139;23,154;526;271;96;2;0;0;0,295;727;28;0;0;0;0;0,0.445,467,977
SQ,68,Sellwood,818,1.44,1.56,0.619,506,1009,28.9,0.297,8.7,0.901,5.9,1.0,0.584,29;103;111;69;88;267;151;1,275;149;313;81;0;0;0;0,345;449;25;0;0;0;0;0,0.512,419,901
SQ,68,Skyline,138,4.23,4.4,0.961,132,579,84.6,0.019,25.5,0.198,12.2,0.753,0.759,0;0;2;3;7;11;16;98,4;11;13;22;40;42;7;0,12;41;51;23;10;1;0;0,0.907,125,570
SQ,68,Sunnyside Environmental,162,0.44,0.41,0.012,2,2,8.8,0.869,2.7,1.0,2.7,1.0,0.965,44;60;37;19;2;0;0;0,148;14;0;0;0;0;0;0,162;0;0;0;0;0;0;0,0.0,0,0
SQ,68,Vernon,302,0.79,0.62,0.301,91,131,15.7,0.59,4.9,1.0,3.9,1.0,0.728,17;105;57;33;51;40;0;0,185;94;23;0;0;0;0;0,222;80;0;0;0;0;0;0,0.133,40,68
SQ,68,West Sylvan,1333,4.12,4.45,0.96,1279,5462,82.5,0.024,25.3,0.128,12.7,0.764,0.389,4;10;18;22;23;71;55;1130,41;41;88;53;718;391;0;0,51;170;797;311;3;0;0;0,0.942,1256,5433
SQ,912,Cleveland,2666,2.18,2.16,,,,43.6,0.094,13.2,0.596,7.7,0.999,0.608,21;80;150;181;426;547;642;618,297;629;664;706;371;0;0;0,664;1343;657;2;0;0;0;0,0.678,1807,4999
SQ,912,Franklin,2886,1.99,1.92,,,,39.7,0.078,12.0,0.696,7.8,0.999,0.892,2;64;161;266;501;776;645;472,294;847;868;629;249;0;0;0,521;1691;671;4;0;0;0;0,0.656,1893,4753
SQ,912,Grant,1751,1.02,1.04,,,,20.5,0.226,6.4,1.0,5.1,1.0,0.985,32;147;217;407;771;177;0;0,438;1189;123;0;0;0;0;0,810;941;0;0;0;0;0;0,0.101,177,302
SQ,912,Ida B Wells-Barnett,2508,2.31,2.36,,,,46.2,0.068,14.3,0.543,8.1,1.0,0.975,5;49;115;101;356;531;692;659,201;500;660;641;506;0;0;0,321;1550;636;1;0;0;0;0,0.75,1882,5163
SQ,912,Jefferson,2291,1.7,1.5,,,,34.0,0.119,10.3,0.851,6.6,0.994,0.808,11;105;156;259;616;697;265;183,349;958;642;200;105;36;2;0,603;1470;204;12;2;0;0;0,0.5,1145,2751
SQ,912,Lincoln,2322,3.31,2.1,,,,66.3,0.129,20.6,0.519,9.9,0.784,0.847,24;103;173;152;413;329;191;938,314;595;296;207;308;445;44;113,488;1016;315;361;100;39;1;0,0.628,1458,6891
SQ,912,McDaniel,2125,2.08,1.91,,,,41.6,0.051,12.6,0.71,8.1,0.999,0.639,2;25;81;162;412;652;364;427,145;654;710;349;267;0;0;0,200;1406;518;1;0;0;0;0,0.679,1444,3695
SQ,912,Roosevelt,1573,1.42,1.39,,,,28.3,0.15,8.6,0.92,5.8,1.0,0.93,9;76;151;202;534;426;126;50,271;887;289;119;7;0;0;0,539;1017;18;0;0;0;0;0,0.382,602,1238
A,k5,Abernethy,849,0.95,0.96,0.47,399,532,19.0,0.367,5.6,1.0,4.1,1.0,0.565,38;110;164;138;302;97;0;0,361;481;7;0;0;0;0;0,589;259;0;0;0;0;0;0,,,
A,k5,Ainsworth,683,1.34,1.33,0.618,422,763,26.8,0.262,9.2,0.815,5.8,1.0,0.718,25;85;69;82;140;192;84;6,194;205;158;99;27;0;0;0,294;339;50;0;0;0;0;0,,,
A,k5,Alameda,801,0.87,0.76,0.405,324,446,17.4,0.496,5.3,1.0,4.1,1.0,0.768,54;168;174;80;220;104;0;0,420;340;40;0;0;0;0;0,549;252;0;0;0;0;0;0,,,
A,k5,Arleta,932,0.82,0.79,0.336,313,392,16.4,0.467,5.0,1.0,4.0,1.0,0.781,36;182;217;183;282;32;0;0,497;429;5;0;0;0;0;0,704;228;0;0;0;0;0;0,,,
A,k5,Astor,407,0.76,0.62,0.223,91,135,15.2,0.648,4.6,0.983,3.3,0.998,0.705,33;84;147;52;83;1;0;7,277;123;0;2;4;2;0;0,368;34;4;1;0;0;0;0,,,
A,k5,Atkinson,926,0.87,0.86,0.397,367,470,17.4,0.417,5.3,1.0,3.7,1.0,0.585,38;159;190;172;324;44;0;0,433;486;7;0;0;0;0;0,804;122;0;0;0;0;0;0,,,
A,k5,Beverly Cleary,986,0.91,0.88,0.368,363,490,18.3,0.366,5.6,1.0,4.4,1.0,0.683,27;139;194;262;253;110;0;0,422;511;53;0;0;0;0;0,686;300;0;0;0;0;0;0,,,
A,k5,Boise-Eliot/Humboldt,500,0.76,0.73,0.216,108,122,15.2,0.524,4.8,1.0,3.7,1.0,0.66,10;65;187;130;108;0;0;0,286;214;0;0;0;0;0;0,464;35;0;0;0;0;0;0,,,
A,k5,Bridger Creative Science,253,0.52,0.48,0.029,7,8,10.3,0.814,3.2,1.0,3.2,1.0,0.906,30;107;70;40;7;0;0;0,219;34;0;0;0;0;0;0,240;13;0;0;0;0;0;0,,,
A,k5,Bridlemile,761,1.39,1.02,0.512,389,829,27.8,0.328,9.1,0.764,5.7,0.999,0.933,24;98;128;122;121;53;186;29,222;267;91;167;13;0;0;0,405;277;78;1;0;0;0;0,,,
A,k5,Capitol Hill,829,1.52,1.31,0.669,554,1101,30.4,0.221,9.9,0.786,5.7,1.0,0.623,33;91;59;92;212;162;75;105,181;314;157;99;79;0;0;0,332;478;19;0;0;0;0;0,,,
A,k5,Chapman,1008,1.07,1.06,0.604,609,850,21.3,0.279,6.8,0.999,5.8,1.0,0.853,53;116;113;118;413;185;12;0,287;559;161;1;0;0;0;0,303;693;13;0;0;0;0;0,,,
A,k5,Chief Joseph,991,0.99,0.98,0.49,485,699,19.8,0.392,6.0,0.999,4.1,1.0,0.696,50;160;179;116;297;188;1;0,431;424;134;1;0;0;0;0,681;309;0;0;0;0;0;0,,,
A,k5,Clark,692,1.04,0.99,0.497,344,512,20.9,0.368,6.7,1.0,5.3,1.0,0.556,12;111;133;93;179;163;2;0,250;324;118;0;0;0;0;0,295;397;0;0;0;0;0;0,,,
A,k5,Duniway,799,0.77,0.76,0.266,213,259,15.4,0.488,5.5,0.998,4.4,1.0,0.755,54;156;180;196;195;18;0;0,344;441;13;1;0;0;0;0,537;261;1;0;0;0;0;0,,,
A,k5,Faubion,561,2.13,0.97,0.495,278,1030,42.6,0.414,13.0,0.559,6.4,0.987,0.395,5;90;137;51;6;7;57;207,252;37;24;58;126;64;0;0,286;153;114;6;1;0;0;0,,,
A,k5,Forest Park,584,1.11,1.02,0.509,297,463,22.1,0.276,7.1,0.961,5.1,0.998,0.984,39;42;81;126;178;90;20;9,174;312;76;15;8;0;0;0,300;269;14;1;0;0;0;0,,,
A,k5,Glencoe,773,0.69,0.65,0.183,142,162,13.9,0.59,4.7,1.0,3.6,1.0,0.664,30;190;236;176;142;0;0;0,445;327;1;0;0;0;0;0,682;91;0;0;0;0;0;0,,,
A,k5,Grout,666,0.74,0.67,0.203,135,187,14.8,0.626,4.5,0.999,3.4,1.0,0.816,36;157;225;114;88;46;0;1,465;182;18;0;0;0;0;0,602;64;1;0;0;0;0;0,,,
A,k5,Hayhurst,920,0.99,0.95,0.463,426,589,19.8,0.339,6.2,1.0,4.7,1.0,0.741,25;107;181;182;299;127;0;0,335;510;75;0;0;0;0;0,534;385;0;0;0;0;0;0,,,
A,k5,Laurelhurst,564,0.53,0.54,0.001,1,1,10.6,0.824,3.2,1.0,2.6,1.0,0.918,68;179;217;99;1;0;0;0,508;56;0;0;0;0;0;0,563;0;0;0;0;0;0;0,,,
A,k5,Lee,492,0.84,0.83,0.369,181,221,16.8,0.395,5.1,1.0,3.8,1.0,0.796,21;82;90;116;179;3;0;0,245;246;2;0;0;0;0;0,383;109;0;0;0;0;0;0,,,
A,k5,Lent,894,1.02,0.85,0.415,371,578,20.3,0.407,6.2,1.0,4.4,1.0,0.655,14;133;218;159;157;214;0;0,408;341;145;0;0;0;0;0,599;295;0;0;0;0;0;0,,,
A,k5,Llewellyn,844,0.99,0.99,0.49,413,546,19.8,0.309,5.9,1.0,4.6,1.0,0.994,20;81;160;170;326;87;0;0,313;509;21;0;0;0;0;0,475;368;1;0;0;0;0;0,,,
A,k5,MLK Jr,827,0.8,0.74,0.342,283,366,16.1,0.515,5.3,1.0,3.9,1.0,0.581,38;197;191;118;239;44;0;0,431;374;22;0;0;0;0;0,593;235;0;0;0;0;0;0,,,
A,k5,Markham,1117,1.38,1.41,0.74,826,1352,27.7,0.149,8.5,0.978,6.2,1.0,0.907,3;90;73;125;334;424;68;0,193;548;351;25;0;0;0;0,280;828;9;0;0;0;0;0,,,
A,k5,Rieke,843,0.86,0.8,0.344,289,386,17.2,0.442,5.3,1.0,4.5,1.0,0.731,22;180;171;181;230;57;2;0,419;391;32;0;0;0;0;0,536;306;0;0;0;0;0;0,,,
A,k5,Rosa Parks,1201,0.81,0.72,0.32,384,550,16.2,0.518,5.2,1.0,4.1,1.0,0.679,151;263;208;195;228;155;1;0,647;434;120;0;0;0;0;0,814;387;0;0;0;0;0;0,,,
A,k5,Scott,1709,1.17,1.09,0.551,942,1448,23.3,0.236,7.1,0.999,4.8,1.0,0.697,16;118;269;364;403;530;9;0,489;804;416;1;0;0;0;0,982;727;0;0;0;0;0;0,,,
A,k5,Sitton,1048,1.02,1.01,0.503,527,739,20.3,0.317,6.2,1.0,5.4,1.0,0.735,31;142;160;188;334;193;0;0,394;553;102;0;0;0;0;0,426;618;3;0;0;0;0;0,,,
A,k5,Skyline,228,4.37,4.53,0.98,223,992,87.3,0.009,26.3,0.167,12.1,0.789,0.642,0;1;1;2;12;16;23;172,3;17;18;30;67;86;7;0,16;59;105;35;12;2;0;0,,,
A,k5,Sunnyside Environmental,486,0.85,0.58,0.29,141,249,16.9,0.603,5.1,0.956,3.9,1.0,0.745,60;147;86;52;64;46;29;2,309;107;49;21;0;0;0;0,362;123;0;0;0;0;0;0,,,
A,k5,Vernon,649,0.81,0.64,0.315,204,293,16.3,0.57,5.1,1.0,4.0,1.0,0.737,32;193;145;75;122;83;0;0,385;218;46;0;0;0;0;0,471;178;0;0;0;0;0;0,,,
A,k5,Vestal,635,0.72,0.7,0.191,121,143,14.4,0.573,4.3,1.0,3.1,1.0,0.927,32;113;219;150;121;0;0;0,439;196;0;0;0;0;0;0,617;18;0;0;0;0;0;0,,,
A,k5,Whitman,961,0.89,0.88,0.379,365,456,17.8,0.374,5.3,1.0,3.9,1.0,0.75,16;126;217;237;316;48;0;0,432;512;17;0;0;0;0;0,821;140;0;0;0;0;0;0,,,
A,k5,Woodlawn,481,0.73,0.66,0.236,114,138,14.7,0.593,4.4,1.0,3.3,1.0,0.841,26;101;159;82;105;9;0;0,312;167;2;0;0;0;0;0,455;27;0;0;0;0;0;0,,,
A,k5,Woodstock,474,0.55,0.56,0.006,3,3,11.1,0.842,3.3,1.0,3.1,1.0,0.807,35;146;218;72;3;0;0;0,437;36;0;0;0;0;0;0,471;2;0;0;0;0;0;0,,,
A,68,Astor,177,0.69,0.62,0.15,27,36,13.8,0.674,4.1,0.994,3.1,0.999,0.994,14;39;66;31;25;0;0;1,127;49;0;0;1;0;0;0,168;8;1;0;0;0;0;0,0.008,1,5
A,68,Beaumont,1062,1.11,0.95,0.465,494,812,22.1,0.339,6.7,0.989,4.6,1.0,0.765,33;126;201;208;214;225;54;0,425;404;220;12;0;0;0;0,677;385;0;0;0;0;0;0,0.263,279,550
A,68,George,1149,1.4,1.27,0.684,786,1371,28.0,0.187,8.5,0.874,5.4,1.0,0.593,22;77;116;148;395;204;149;38,254;575;175;137;7;0;0;0,515;633;2;0;0;0;0;0,0.34,391,874
A,68,Gray,1043,1.53,1.5,0.76,793,1417,30.6,0.126,9.9,0.886,5.8,1.0,0.883,8;32;91;118;271;366;146;9,118;434;371;116;3;0;0;0,369;656;18;0;0;0;0;0,0.5,521,1075
A,68,Harriet Tubman,902,2.03,1.95,0.909,820,1775,40.6,0.046,12.3,0.698,6.7,1.0,0.325,8;14;20;41;175;295;208;142,47;289;294;218;54;0;0;0,238;558;106;0;0;0;0;0,0.715,645,1549
A,68,Harrison Park,1197,1.77,1.87,0.758,908,1928,35.4,0.148,11.5,0.732,6.6,1.0,0.558,6;60;111;112;187;346;273;102,146;319;411;246;75;0;0;0,319;808;71;0;0;0;0;0,0.602,721,1698
A,68,Hosford,1449,1.73,1.37,0.657,952,2180,34.6,0.212,10.5,0.72,6.5,0.999,0.708,18;104;185;190;281;240;134;297,366;483;194;183;224;0;0;0,608;526;315;1;0;0;0;0,0.463,671,1833
A,68,Jackson,963,1.73,1.56,0.746,719,1496,34.5,0.146,11.1,0.839,6.7,0.999,0.815,4;48;89;104;212;310;100;97,113;369;326;64;75;16;0;0,275;586;101;1;0;0;0;0,0.526,507,1233
A,68,Kellogg,800,1.1,1.14,0.578,462,660,22.0,0.26,7.1,1.0,4.6,1.0,0.731,13;80;115;129;292;170;0;0,211;463;126;0;0;0;0;0,438;362;0;0;0;0;0;0,0.213,170,285
A,68,Lane,1074,1.28,1.29,0.708,760,1146,25.7,0.132,7.7,0.997,5.9,1.0,0.965,2;30;110;171;404;343;12;1,185;646;239;3;1;0;0;0,342;728;4;0;0;0;0;0,0.332,357,638
A,68,Mt Tabor,634,1.02,1.0,0.499,316,440,20.4,0.294,6.2,1.0,4.1,1.0,0.817,17;69;100;131;208;108;0;0,224;370;39;0;0;0;0;0,454;180;0;0;0;0;0;0,0.171,108,178
A,68,Ockley Green,914,1.62,1.23,0.625,571,1245,32.4,0.206,9.9,0.795,5.6,0.998,0.913,13;66;109;155;215;129;115;113,235;357;134;91;88;8;0;0,483;378;51;1;0;0;0;0,0.39,356,984
A,68,Roseway Heights,1050,1.5,1.41,0.759,797,1391,30.0,0.104,9.0,0.907,6.2,1.0,0.644,6;42;61;143;330;305;139;23,154;527;271;96;2;0;0;0,295;727;28;0;0;0;0;0,0.445,467,977
A,68,Skyline,138,4.23,4.4,0.961,132,579,84.6,0.019,25.5,0.198,12.2,0.753,0.759,0;0;2;3;7;11;16;98,4;11;13;22;40;42;7;0,12;41;51;23;10;1;0;0,0.908,125,570
A,68,West Sylvan,1324,4.14,4.46,0.959,1270,5447,82.8,0.024,25.4,0.121,12.7,0.763,0.385,4;10;18;22;23;62;54;1131,41;41;79;53;718;392;0;0,51;161;798;311;3;0;0;0,0.942,1247,5418
A,912,Cleveland,2525,1.89,1.92,,,,37.7,0.1,11.4,0.72,6.9,1.0,0.689,21;80;150;181;488;697;655;252,297;724;798;645;61;0;0;0,677;1543;304;1;0;0;0;0,0.635,1604,3867
A,912,Franklin,2968,2.09,2.06,,,,41.9,0.076,12.6,0.621,8.1,0.999,0.97,2;64;161;266;469;679;660;667,294;797;754;814;310;0;0;0,521;1519;925;4;0;0;0;0,0.676,2006,5273
A,912,Grant,1751,1.02,1.04,,,,20.5,0.226,6.4,1.0,5.1,1.0,0.985,32;147;217;407;771;177;0;0,438;1189;123;0;0;0;0;0,810;941;0;0;0;0;0;0,0.101,177,302
A,912,Ida B Wells-Barnett,2524,2.32,2.37,,,,46.4,0.067,14.3,0.539,8.1,1.0,0.975,5;49;115;101;356;531;692;676,201;500;660;642;521;0;0;0,321;1551;652;1;0;0;0;0,0.752,1898,5223
A,912,Jefferson,2283,1.68,1.5,,,,33.6,0.119,10.2,0.853,6.6,0.997,0.811,11;105;156;259;616;697;265;175,349;958;642;200;105;30;0;0,603;1470;203;6;1;0;0;0,0.498,1137,2696
A,912,Lincoln,2120,2.64,1.82,,,,52.8,0.141,16.5,0.568,8.5,0.846,0.928,24;103;173;152;413;329;191;736,314;595;296;207;291;417;0;0,488;1005;300;324;2;0;0;0,0.592,1256,4788
A,912,McDaniel,2186,2.08,1.94,,,,41.6,0.049,12.6,0.718,8.2,0.999,0.63,2;25;81;162;413;689;387;427,145;655;770;349;267;0;0;0,201;1462;522;1;0;0;0;0,0.688,1503,3826
A,912,Roosevelt,1767,1.99,1.44,,,,39.7,0.133,12.0,0.827,7.2,0.925,0.938,9;76;151;202;534;434;139;222,271;887;304;135;48;57;35;31,539;1050;45;59;62;12;0;0,0.45,795,2519
B,k5,Abernethy,849,0.95,0.96,0.47,399,532,19.0,0.367,5.6,1.0,4.1,1.0,0.565,38;110;164;138;302;97;0;0,361;481;7;0;0;0;0;0,589;259;0;0;0;0;0;0,,,
B,k5,Ainsworth,683,1.34,1.33,0.618,422,763,26.8,0.262,9.2,0.815,5.8,1.0,0.718,25;85;69;82;140;192;84;6,194;205;158;99;27;0;0;0,294;339;50;0;0;0;0;0,,,
B,k5,Alameda,801,0.87,0.76,0.405,324,446,17.4,0.496,5.3,1.0,4.1,1.0,0.669,54;168;174;80;220;104;0;0,420;340;40;0;0;0;0;0,549;252;0;0;0;0;0;0,,,
B,k5,Arleta,932,0.82,0.79,0.336,313,392,16.4,0.467,5.0,1.0,4.0,1.0,0.781,36;182;217;183;282;32;0;0,497;429;5;0;0;0;0;0,704;228;0;0;0;0;0;0,,,
B,k5,Astor,407,0.76,0.62,0.223,91,135,15.2,0.648,4.6,0.983,3.3,0.998,0.705,33;84;147;52;83;1;0;7,277;123;0;2;4;2;0;0,368;34;4;1;0;0;0;0,,,
B,k5,Atkinson,926,0.87,0.86,0.397,367,470,17.4,0.417,5.3,1.0,3.7,1.0,0.585,38;159;190;172;324;44;0;0,433;486;7;0;0;0;0;0,804;122;0;0;0;0;0;0,,,
B,k5,Beverly Cleary,986,0.91,0.88,0.368,363,490,18.3,0.366,5.6,1.0,4.4,1.0,0.579,27;139;194;262;253;110;0;0,422;511;53;0;0;0;0;0,686;300;0;0;0;0;0;0,,,
B,k5,Boise-Eliot/Humboldt,500,0.76,0.73,0.216,108,122,15.2,0.524,4.8,1.0,3.7,1.0,0.66,10;65;187;130;108;0;0;0,286;214;0;0;0;0;0;0,464;35;0;0;0;0;0;0,,,
B,k5,Bridger Creative Science,253,0.52,0.48,0.029,7,8,10.3,0.814,3.2,1.0,3.2,1.0,0.906,30;107;70;40;7;0;0;0,219;34;0;0;0;0;0;0,240;13;0;0;0;0;0;0,,,
B,k5,Bridlemile,761,1.39,1.02,0.512,389,829,27.8,0.328,9.1,0.764,5.7,0.999,0.933,24;98;128;122;121;53;186;29,222;267;91;167;13;0;0;0,405;277;78;1;0;0;0;0,,,
B,k5,Capitol Hill,677,1.47,1.22,0.605,410,843,29.4,0.27,9.6,0.782,5.4,1.0,0.577,33;91;59;84;155;106;45;104,181;251;97;70;78;0;0;0,327;333;17;0;0;0;0;0,,,
B,k5,Chapman,1008,1.07,1.06,0.604,609,850,21.3,0.279,6.8,0.999,5.8,1.0,0.853,53;116;113;118;413;185;12;0,287;559;161;1;0;0;0;0,303;693;13;0;0;0;0;0,,,
B,k5,Chief Joseph,991,0.99,0.98,0.49,485,699,19.8,0.392,6.0,0.999,4.1,1.0,0.696,50;160;179;116;297;188;1;0,431;424;134;1;0;0;0;0,681;309;0;0;0;0;0;0,,,
B,k5,Clark,692,1.04,0.99,0.497,344,512,20.9,0.368,6.7,1.0,5.3,1.0,0.556,12;111;133;93;179;163;2;0,250;324;118;0;0;0;0;0,295;397;0;0;0;0;0;0,,,
B,k5,Duniway,659,1.09,0.76,0.398,263,513,21.7,0.489,7.1,0.985,5.7,1.0,0.486,54;156;113;74;26;185;51;0,284;152;214;10;0;0;0;0,369;268;23;0;0;0;0;0,,,
B,k5,Faubion,561,2.13,0.97,0.495,278,1030,42.6,0.414,13.0,0.559,6.4,0.987,0.395,5;90;137;51;6;7;57;207,252;37;24;58;126;64;0;0,286;153;114;6;1;0;0;0,,,
B,k5,Forest Park,584,1.11,1.02,0.509,297,463,22.1,0.276,7.1,0.961,5.1,0.998,0.984,39;42;81;126;178;90;20;9,174;312;76;15;8;0;0;0,300;269;14;1;0;0;0;0,,,
B,k5,Glencoe,773,0.69,0.65,0.183,142,162,13.9,0.59,4.7,1.0,3.6,1.0,0.664,30;190;236;176;142;0;0;0,445;327;1;0;0;0;0;0,682;91;0;0;0;0;0;0,,,
B,k5,Grout,666,0.74,0.67,0.203,135,187,14.8,0.626,4.5,0.999,3.4,1.0,0.816,36;157;225;114;88;46;0;1,465;182;18;0;0;0;0;0,602;64;1;0;0;0;0;0,,,
B,k5,Hayhurst,920,0.99,0.95,0.463,426,589,19.8,0.339,6.2,1.0,4.7,1.0,0.741,25;107;181;182;299;127;0;0,335;510;75;0;0;0;0;0,534;385;0;0;0;0;0;0,,,
B,k5,Laurelhurst,564,0.53,0.54,0.001,1,1,10.6,0.824,3.2,1.0,2.6,1.0,0.876,68;179;217;99;1;0;0;0,508;56;0;0;0;0;0;0,563;0;0;0;0;0;0;0,,,
B,k5,Lee,492,0.84,0.83,0.369,181,221,16.8,0.395,5.1,1.0,3.8,1.0,0.767,21;82;90;116;179;3;0;0,245;246;2;0;0;0;0;0,383;109;0;0;0;0;0;0,,,
B,k5,Lent,894,1.02,0.85,0.415,371,578,20.3,0.407,6.2,1.0,4.4,1.0,0.655,14;133;218;159;157;214;0;0,408;341;145;0;0;0;0;0,599;295;0;0;0;0;0;0,,,
B,k5,Lewis,636,0.78,0.72,0.286,182,231,15.5,0.52,4.7,1.0,3.6,1.0,0.693,43;130;158;123;164;18;0;0,372;263;0;0;0;0;0;0,506;129;0;0;0;0;0;0,,,
B,k5,Llewellyn,615,0.82,0.83,0.3,184,215,16.3,0.425,4.9,1.0,4.0,1.0,0.997,20;81;160;170;180;4;0;0,313;299;2;0;0;0;0;0,468;146;1;0;0;0;0;0,,,
B,k5,MLK Jr,827,0.8,0.74,0.342,283,366,16.1,0.515,5.3,1.0,3.9,1.0,0.581,38;197;191;118;239;44;0;0,431;374;22;0;0;0;0;0,593;235;0;0;0;0;0;0,,,
B,k5,Markham,774,1.26,1.33,0.645,499,795,25.1,0.215,7.7,0.999,5.7,1.0,0.875,3;90;73;109;206;275;18;0,193;366;216;1;0;0;0;0,265;509;1;0;0;0;0;0,,,
B,k5,Rieke,843,0.86,0.8,0.344,289,386,17.2,0.442,5.3,1.0,4.5,1.0,0.731,22;180;171;181;230;57;2;0,419;391;32;0;0;0;0;0,536;306;0;0;0;0;0;0,,,
B,k5,Rosa Parks,1201,0.81,0.72,0.32,384,550,16.2,0.518,5.2,1.0,4.1,1.0,0.679,151;263;208;195;228;155;1;0,647;434;120;0;0;0;0;0,814;387;0;0;0;0;0;0,,,
B,k5,Rose City Park,540,0.53,0.54,0.01,5,6,10.6,0.818,3.2,1.0,2.2,1.0,0.969,61;173;208;93;5;0;0;0,501;40;0;0;0;0;0;0,540;0;0;0;0;0;0;0,,,
B,k5,Scott,1169,0.99,0.9,0.38,445,646,19.7,0.343,6.0,0.999,4.2,1.0,0.826,16;118;267;323;280;155;9;0,482;564;121;1;0;0;0;0,889;280;0;0;0;0;0;0,,,
B,k5,Sitton,1048,1.02,1.01,0.503,527,739,20.3,0.317,6.2,1.0,5.4,1.0,0.735,31;142;160;188;334;193;0;0,394;553;102;0;0;0;0;0,426;618;3;0;0;0;0;0,,,
B,k5,Skyline,228,4.37,4.53,0.98,223,992,87.3,0.009,26.3,0.167,12.1,0.789,0.642,0;1;1;2;12;16;23;172,3;17;18;30;67;86;7;0,16;59;105;35;12;2;0;0,,,
B,k5,Stephenson,495,1.08,1.16,0.587,291,407,21.6,0.267,7.3,0.987,5.2,1.0,0.668,14;62;56;72;205;78;7;0,129;247;112;6;0;0;0;0,214;280;0;0;0;0;0;0,,,
B,k5,Sunnyside Environmental,486,0.85,0.58,0.29,141,249,16.9,0.603,5.1,0.956,3.9,1.0,0.745,60;147;86;52;64;46;29;2,309;107;49;21;0;0;0;0,362;123;0;0;0;0;0;0,,,
B,k5,Vernon,649,0.81,0.64,0.315,204,293,16.3,0.57,5.1,1.0,4.0,1.0,0.737,32;193;145;75;122;83;0;0,385;218;46;0;0;0;0;0,471;178;0;0;0;0;0;0,,,
B,k5,Vestal,635,0.72,0.7,0.191,121,143,14.4,0.573,4.3,1.0,3.1,1.0,0.877,32;113;219;150;121;0;0;0,439;196;0;0;0;0;0;0,617;18;0;0;0;0;0;0,,,
B,k5,Whitman,694,0.81,0.76,0.27,188,240,16.2,0.496,4.9,1.0,3.6,1.0,0.778,16;126;202;162;155;33;0;0,399;279;16;0;0;0;0;0,625;69;0;0;0;0;0;0,,,
B,k5,Woodlawn,481,0.73,0.66,0.236,114,138,14.7,0.593,4.4,1.0,3.3,1.0,0.841,26;101;159;82;105;9;0;0,312;167;2;0;0;0;0;0,455;27;0;0;0;0;0;0,,,
B,k5,Woodstock,474,0.55,0.56,0.006,3,3,11.1,0.842,3.3,1.0,3.1,1.0,0.8,35;146;218;72;3;0;0;0,437;36;0;0;0;0;0;0,471;2;0;0;0;0;0;0,,,
B,68,Astor,177,0.69,0.62,0.15,27,36,13.8,0.674,4.1,0.994,3.1,0.999,0.994,14;39;66;31;25;0;0;1,127;49;0;0;1;0;0;0,168;8;1;0;0;0;0;0,0.008,1,5
B,68,Beaumont,1062,1.11,0.95,0.465,494,812,22.1,0.339,6.7,0.989,4.6,1.0,0.765,33;126;201;208;214;225;54;0,425;404;220;12;0;0;0;0,677;385;0;0;0;0;0;0,0.263,279,550
B,68,George,1149,1.4,1.27,0.684,786,1371,28.0,0.187,8.5,0.874,5.4,1.0,0.593,22;77;116;148;395;204;149;38,254;575;175;137;7;0;0;0,515;633;2;0;0;0;0;0,0.34,391,874
B,68,Gray,1043,1.53,1.5,0.76,793,1417,30.6,0.126,9.9,0.886,5.8,1.0,0.883,8;32;91;118;271;366;146;9,118;434;371;116;3;0;0;0,369;656;18;0;0;0;0;0,0.5,521,1075
B,68,Harriet Tubman,902,2.03,1.95,0.909,820,1775,40.6,0.046,12.3,0.698,6.7,1.0,0.325,8;14;20;41;175;295;208;142,47;289;294;218;54;0;0;0,238;558;106;0;0;0;0;0,0.715,645,1549
B,68,Harrison Park,1197,1.77,1.87,0.758,908,1928,35.4,0.148,11.5,0.732,6.6,1.0,0.558,6;60;111;112;187;346;273;102,146;319;411;246;75;0;0;0,319;808;71;0;0;0;0;0,0.602,721,1698
B,68,Hosford,1341,1.56,1.28,0.629,844,1766,31.2,0.229,9.5,0.777,6.0,0.999,0.765,18;104;185;190;281;240;134;190,366;483;194;183;116;0;0;0,608;525;208;1;0;0;0;0,0.42,563,1419
B,68,Jackson,963,1.73,1.56,0.746,719,1496,34.5,0.146,11.1,0.839,6.7,0.999,0.815,4;48;89;104;212;310;100;97,113;369;326;64;75;16;0;0,275;586;101;1;0;0;0;0,0.526,507,1233
B,68,Kellogg,800,1.1,1.14,0.578,462,660,22.0,0.26,7.1,1.0,4.6,1.0,0.731,13;80;115;129;292;170;0;0,211;463;126;0;0;0;0;0,438;362;0;0;0;0;0;0,0.213,170,285
B,68,Lane,1176,1.46,1.35,0.734,863,1485,29.2,0.121,8.8,0.91,6.4,1.0,0.957,2;30;110;171;404;343;21;95,185;646;239;58;49;0;0;0,342;729;106;0;0;0;0;0,0.39,459,977
B,68,Mt Tabor,634,1.02,1.0,0.499,316,440,20.4,0.294,6.2,1.0,4.1,1.0,0.817,17;69;100;131;208;108;0;0,224;370;39;0;0;0;0;0,454;180;0;0;0;0;0;0,0.171,108,178
B,68,Ockley Green,914,1.62,1.23,0.625,571,1245,32.4,0.206,9.9,0.795,5.6,0.998,0.913,13;66;109;155;215;129;115;113,235;357;134;91;88;8;0;0,483;378;51;1;0;0;0;0,0.39,356,984
B,68,Roseway Heights,1050,1.5,1.41,0.759,797,1391,30.0,0.104,9.0,0.907,6.2,1.0,0.644,6;42;61;143;330;305;139;23,154;527;271;96;2;0;0;0,295;727;28;0;0;0;0;0,0.445,467,977
B,68,Skyline,138,4.23,4.4,0.961,132,579,84.6,0.019,25.5,0.198,12.2,0.753,0.759,0;0;2;3;7;11;16;98,4;11;13;22;40;42;7;0,12;41;51;23;10;1;0;0,0.908,125,570
B,68,West Sylvan,1324,4.14,4.46,0.959,1270,5447,82.8,0.024,25.4,0.121,12.7,0.763,0.385,4;10;18;22;23;62;54;1131,41;41;79;53;718;392;0;0,51;161;798;311;3;0;0;0,0.942,1247,5418
B,912,Cleveland,2701,2.0,2.01,,,,40.0,0.093,12.1,0.673,7.2,1.0,0.644,21;80;150;181;488;697;655;428,297;724;798;665;218;0;0;0,677;1547;477;1;0;0;0;0,0.659,1780,4506
B,912,Franklin,2792,2.06,1.96,,,,41.1,0.081,12.4,0.643,8.0,0.999,0.968,2;64;161;266;469;667;526;636,294;797;705;687;310;0;0;0,521;1447;821;4;0;0;0;0,0.655,1830,4802
B,912,Grant,1751,1.02,1.04,,,,20.5,0.226,6.4,1.0,5.1,1.0,0.985,32;147;217;407;771;177;0;0,438;1189;123;0;0;0;0;0,810;941;0;0;0;0;0;0,0.101,177,302
B,912,Ida B Wells-Barnett,2524,2.32,2.37,,,,46.4,0.067,14.3,0.539,8.1,1.0,0.975,5;49;115;101;356;531;692;676,201;500;660;642;521;0;0;0,321;1551;652;1;0;0;0;0,0.752,1898,5223
B,912,Jefferson,2283,1.68,1.5,,,,33.6,0.119,10.2,0.853,6.6,0.997,0.811,11;105;156;259;616;697;265;175,349;958;642;200;105;30;0;0,603;1470;203;6;1;0;0;0,0.498,1137,2696
B,912,Lincoln,2120,2.64,1.82,,,,52.8,0.141,16.5,0.568,8.5,0.846,0.928,24;103;173;152;413;329;191;736,314;595;296;207;291;417;0;0,488;1005;300;324;2;0;0;0,0.592,1256,4788
B,912,McDaniel,2186,2.08,1.94,,,,41.6,0.049,12.6,0.718,8.2,0.999,0.63,2;25;81;162;413;689;387;427,145;655;770;349;267;0;0;0,201;1462;522;1;0;0;0;0,0.688,1503,3826
B,912,Roosevelt,1767,1.99,1.44,,,,39.7,0.133,12.0,0.827,7.2,0.925,0.938,9;76;151;202;534;434;139;222,271;887;304;135;48;57;35;31,539;1050;45;59;62;12;0;0,0.45,795,2519
