school_key,lots,acres,rmv_land,rmv_improvements,rmv_total,zoning,owner_under_point
Abernethy,2,3.98,4116230,6151240,10267470,R5,SCHOOL DISTRICT NO 1
Ainsworth,3,3.79,6063400,9905550,15968950,R5,SCHOOL DISTRICT NO 1
Alameda,1,3.67,2087140,7631900,9719040,R5,SCHOOL DISTRICT NO 1
Arleta,1,4.18,871930,21305310,22177240,OS,SCHOOL DISTRICT NO 1
Astor,1,4.02,350320,8753170,9103490,OS,SCHOOL DISTRICT NO 1
Atkinson,1,3.05,559570,11201440,11761010,RM1,SCHOOL DISTRICT NO 1
Beach,1,5.23,1262750,11317830,12580580,R5,SCHOOL DISTRICT NO 1
Beaumont,1,5.72,1991070,20151860,22142930,R5,SCHOOL DISTRICT NO 1
Beverly Cleary,1,4.27,4069550,14823040,18892590,R5,SCHOOL DISTRICT NO 1
Boise-Eliot/Humboldt,2,3.99,2816380,3422730,6239110,RM2,SCHOOL DISTRICT NO 1
Bridger Creative Science,1,5.83,1518650,15084020,16602670,R5,SCHOOL DISTRICT NO 1
Bridlemile,1,7.27,2935660,9996670,12932330,R7,SCHOOL DISTRICT NO 1
Buckman,1,4.86,3100420,11766790,14867210,R5,SCHOOL DISTRICT NO 1
Capitol Hill,1,4.41,1287930,5942040,7229970,R5,SCHOOL DISTRICT NO 1
Chapman,2,4.85,3250940,7786520,11037460,RM1,SCHOOL DISTRICT NO 1
Chief Joseph,1,2.98,1068850,9576950,10645800,R5,SCHOOL DISTRICT NO 1
Clark,2,7.81,1382590,5234960,6617550,R5,SCHOOL DISTRICT NO 1
Cleveland,2,5.06,2544900,48219820,50764720,R2.5,SCHOOL DISTRICT NO 1
Creston,3,8.64,2458480,17799960,20258440,R5,SCHOOL DISTRICT NO 1
César Chávez,3,6.77,2150110,14111590,16261700,R5,SCHOOL DISTRICT NO 1
Duniway,1,5.63,10412500,2342980,12755480,R5,SCHOOL DISTRICT NO 1
Faubion,1,8.12,3049350,28273410,31322760,R5,SCHOOL DISTRICT NO 1J
Forest Park,1,6.62,1364940,14722680,16087620,R10,SCHOOL DISTRICT NO 1
Franklin,1,18.31,8294860,68870470,77165330,IR,SCHOOL DISTRICT NO 1
George,1,7.25,2823950,7179430,10003380,R5,SCHOOL DISTRICT NO 1
Glencoe,2,5.8,2275040,4626550,6901590,R2.5,SCHOOL DISTRICT NO 1
Grant,1,10.2,22215600,85713900,107929500,R5,SCHOOL DISTRICT NO 1
Gray,3,13.31,5300310,20366590,25666900,R7,SCHOOL DISTRICT NO 1
Grout,1,2.34,2555240,9144960,11700200,R5,SCHOOL DISTRICT NO 1
Harriet Tubman,8,3.05,3333620,44431190,47764810,CM3,SCHOOL DISTRICT NO 1
Harrison Park,2,10.05,1443160,15024230,16467390,R5,SCHOOL DISTRICT NO 1
Hayhurst,2,7.42,1909810,9417410,11327220,R7,SCHOOL DISTRICT NO 1
Hosford,3,6.73,5556560,15720790,21277350,R5,SCHOOL DISTRICT NO 1
Ida B Wells-Barnett,1,22.75,4443190,70887820,75331010,IR,SCHOOL DISTRICT NO 1
Irvington,2,3.45,2187140,24036800,26223940,R5,SCHOOL DISTRICT NO 1
Jackson,2,37.4,2867180,71868610,74735790,OS,SCHOOL DISTRICT NO 1
James John,1,1.19,1248730,7820680,9069410,CM2,SCHOOL DISTRICT NO 1
Jefferson,5,13.3,3988400,25549880,29538280,IR,SCHOOL DISTRICT NO 1
Kellogg,1,6.18,10747360,30023580,40770940,RM2,SCHOOL DISTRICT NO 1
Kelly,6,9.19,4115850,22666690,26782540,R5,SCHOOL DISTRICT NO 1
Lane,3,14.64,1720290,17832430,19552720,R5,SCHOOL DISTRICT NO 1
Laurelhurst,1,2.91,1776190,5232270,7008460,R5,SCHOOL DISTRICT NO 1
Lee,1,9.06,1379760,7549200,8928960,R5,SCHOOL DISTRICT NO 1
Lent,1,10.75,1021280,14392010,15413290,R5,SCHOOL DISTRICT NO 1
Lewis,1,5.45,969510,9329420,10298930,R5,SCHOOL DISTRICT NO 1
Lincoln,1,10.85,37726490,92649950,130376440,CX,SCHOOL DISTRICT NO 1
Llewellyn,2,3.29,3773470,13902370,17675840,R5,SCHOOL DISTRICT NO 1
MLK Jr,1,4.82,5624600,15374260,20998860,R5,SCHOOL DISTRICT NO 1
Maplewood,1,4.3,985310,4619180,5604490,R7,SCHOOL DISTRICT NO 1
Markham,1,9.18,4316870,7721690,12038560,RM1,SCHOOL DISTRICT NO 1
Marysville,1,5.2,927120,8288590,9215710,R2.5,SCHOOL DISTRICT NO 1
McDaniel,2,19.87,36720000,70642890,107362890,R5,SCHOOL DISTRICT NO 1
Mt Tabor,1,7.42,1697680,8210220,9907900,R5,SCHOOL DISTRICT NO 1
Ockley Green,1,5.2,453020,15391980,15845000,OS,SCHOOL DISTRICT NO 1
Odyssey,2,6.15,5955570,1672760,7628330,R20,SCHOOL DIST #1
Peninsula,1,6.73,1481270,9800850,11282120,R5,SCHOOL DISTRICT NO 1
Richmond,1,3.82,1128820,17640080,18768900,R5,SCHOOL DISTRICT NO 1
Rieke,1,12.63,1667720,14658670,16326390,CM2,SCHOOL DISTRICT NO 1
Rigler,1,8.77,1951510,10258660,12210170,R7,SCHOOL DISTRICT NO 1
Roosevelt,1,17.1,25760000,55443670,81203670,R5,SCHOOL DISTRICT NO 1
Rosa Parks,2,0,0,12467560,12467560,RM1,SCHOOL DISTRICT NO. 1J MULTNOMAH COUNTY OREGON
Rose City Park,1,3.7,8652500,3332900,11985400,R5,SCHOOL DISTRICT NO 1
Roseway Heights,1,8.53,1745930,12758980,14504910,R5,SCHOOL DISTRICT NO 1
Sabin,2,3.63,1276010,9284540,10560550,R5,SCHOOL DISTRICT NO 1
Scott,1,5.71,2523530,10519560,13043090,R5,SCHOOL DISTRICT NO 1
Sellwood,1,4.75,5631890,7175300,12807190,R5,SCHOOL DISTRICT NO 1
Sitton,1,6.95,13800000,5158250,18958250,R5,SCHOOL DISTRICT NO 1
Skyline,1,5.84,201440,4146930,4348370,EFU,SCHOOL DISTRICT NO 1
Stephenson,3,8.75,1707420,7708170,9415590,R10,SCHOOL DISTRICT NO 1
Sunnyside Environmental,1,3.08,5029400,5362530,10391930,OS,SCHOOL DISTRICT NO 1
Vernon,1,3.74,1459710,10928050,12387760,R2.5,SCHOOL DISTRICT NO 1
Vestal,2,4.83,2440940,8474600,10915540,R2.5,SCHOOL DISTRICT NO 1
West Sylvan,0,0,0,0,0,,
Whitman,3,7.26,1903170,19815320,21718490,RM2,SCHOOL DISTRICT NO 1
Winterhaven,1,4.9,426700,8862060,9288760,OS,SCHOOL DISTRICT NO 1
Woodlawn,2,5.14,2264610,12422620,14687230,R5,SCHOOL DISTRICT NO 1
Woodmere,1,5.53,985150,6388250,7373400,R2.5,SCHOOL DISTRICT NO 1
Woodstock,1,5.04,1992780,9972170,11964950,OS,SCHOOL DISTRICT NO 1
