school_key,propid,maptaxlot,owner,situs,acres,zoning,exemption,propclass,roll_year,rmv_land,rmv_improvements,under_school_point
Abernethy,R200172,1S1E02CD  -07900,SCHOOL DISTRICT NO 1,2421 SE ORANGE AVE ,3.93,R5,5,211,2025,3878930,6151240,True
Abernethy,R287413,1S1E11BA  -01600,PORTLAND PUBLIC SCHOOL DISTRICT #1J,LEVY CODE 201 ,0.05,RM2,5,100,2025,237300,0,False
Ainsworth,R247376,1S1E04CB  -09600,SCHOOL DISTRICT NO 1,2535 SW VISTA AVE ,0.83,R5,5,211,2025,1236560,2629760,False
Ainsworth,R326776,1S1E04CB  -09400,SCHOOL DISTRICT NO 1,2120 SW SPRING ST ,0.7,R5,5,100,2025,875050,0,False
Ainsworth,R128588,1S1E04CB  -07900,SCHOOL DISTRICT NO 1,2425 SW VISTA AVE ,2.26,R5,5,211,2025,3951790,7275790,True
Alameda,R316192,1N1E25BB  -01500,SCHOOL DISTRICT NO 1,2732 NE FREMONT ST ,3.67,R5,5,211,2025,2087140,7631900,True
Arleta,R286946,1S2E17BC  -02500,SCHOOL DISTRICT NO 1,5105 SE 66TH AVE ,4.18,OS,5,201,2025,871930,21305310,True
Astor,R248303,1N1E07DC  -01000,SCHOOL DISTRICT NO 1,5601 N YALE ST ,4.02,OS,5,201,2025,350320,8753170,True
Atkinson,R332874,1S2E06DD  -19200,SCHOOL DISTRICT NO 1,5800 SE DIVISION ST ,3.05,RM1,"5, AE",211,2025,559570,11201440,True
Beach,R257201,1N1E21AD  -05800,SCHOOL DISTRICT NO 1,1710 N HUMBOLDT ST ,5.23,R5,5,211,2025,1262750,11317830,True
Beaumont,R305445,1N1E24DD  -18900,SCHOOL DISTRICT NO 1,4043 NE FREMONT ST ,5.72,R5,"5, 104",211,2025,1991070,20151860,True
Beverly Cleary,R121955,1N1E25CD  -00100,SCHOOL DISTRICT NO 1,3255 NE HANCOCK ST ,4.27,R5,5,211,2025,4069550,14823040,True
Boise-Eliot/Humboldt,R257844,1N1E27AB  -06000,SCHOOL DISTRICT NO 1,620 WI/ N FREMONT ST ,0.28,RM2,5,211,2025,168170,42260,False
Boise-Eliot/Humboldt,R316270,1N1E27BA  -00100,SCHOOL DISTRICT NO 1,620 N FREMONT ST ,3.71,RM2,5,211,2025,2648210,3380470,True
Bridger Creative Science,R332508,1S2E05DA  -11300,SCHOOL DISTRICT NO 1,7910 SE MARKET ST ,5.83,R5,5,211,2025,1518650,15084020,True
Bridlemile,R327329,1S1E07DD  -07800,SCHOOL DISTRICT NO 1,4300 SW 47TH DR ,7.27,R7,5,211,2025,2935660,9996670,True
Buckman,R225704,1N1E35DC  -13900,SCHOOL DISTRICT NO 1,320 SE 16TH AVE ,4.86,R5,5,211,2025,3100420,11766790,True
Capitol Hill,R126959,1S1E21CD  -01100,SCHOOL DISTRICT NO 1,8401 SW 17TH AVE ,4.41,R5,5,211,2025,1287930,5942040,True
Chapman,R171586,1N1E32AA  -00300,SCHOOL DISTRICT NO 1,1445 NW 26TH AVE ,2.47,RM1,5,211,2025,1656140,7786520,True
Chapman,R171584,1N1E32AA  -00500,SCHOOL DISTRICT NO 1,1445 WI/ NW 26TH AVE ,2.38,RM1,5,211,2025,1594800,0,False
Chief Joseph,R146170,1N1E16AC  -03100,SCHOOL DISTRICT NO 1,2409 N SARATOGA ST ,2.98,R5,5,211,2025,1068850,9576950,True
Clark,R332367,1S2E04BD  -01600,SCHOOL DISTRICT NO 1,1231 SE 92ND AVE ,6.89,R5,5,211,2025,511590,5234960,True
Clark,R332191,1S2E04BD  -01700,SCHOOL DISTRICT NO 1,1231 WI/ SE 92ND AVE ,0.92,R5,5,100,2025,871000,0,False
Cleveland,R328064,1S1E12BC  -09100,SCHOOL DISTRICT NO 1,3400 SE 26TH AVE ,4.03,R2.5,"5, 104",211,2025,1192560,48147540,True
Cleveland,R122786,1S1E12BC  -17700,SCHOOL DISTRICT NO 1,SWC/ 26TH & SE FRANKLIN ST ,1.03,R2.5,5,700,2025,1352340,72280,False
Creston,R216254,1S2E07CA  -07800,SCHOOL DISTRICT NO 1,4701 WI/ SE BUSH ST ,0.19,R5,5,211,2025,153330,15870,False
Creston,R216255,1S2E07CA  -09500,SCHOOL DISTRICT NO 1,4701 WI/ SE BUSH ST ,0.36,R5,5,211,2025,289890,0,False
Creston,R332901,1S2E07CA  -09600,SCHOOL DISTRICT NO 1,4701 SE BUSH ST ,8.09,R5,"5, AE",211,2025,2015260,17784090,True
César Chávez,R248930,1N1E08BC  -13300,SCHOOL DISTRICT NO 1,5103 WI/ N WILLIS BLVD ,0.1,R5,5,211,2025,7220,0,False
César Chávez,R248974,1N1E08BC  -13400,SCHOOL DISTRICT NO 1,5103 N WILLIS BLVD ,6.44,R5,5,211,2025,1677390,14111590,True
César Chávez,R248951,1N1E08BC  -14400,SCHOOL DISTRICT NO 1,NE COR/ HUNT & N COURTENAY AVE ,0.23,R5,5,100,2025,465500,0,False
Duniway,R153057,1S1E24DB  -02900,SCHOOL DISTRICT NO 1,7700 SE REED COLLEGE PL ,5.63,R5,"5, 104, 29",211,2025,10412500,2342980,True
Faubion,R279890,1N1E13BD  -09700,SCHOOL DISTRICT NO 1J,2930 NE DEKUM ST ,8.12,R5,"5, 29, 104, 104, 104, 29, 104",211,2025,3049350,28273410,True
Forest Park,R165083,1N1W26BD  -00200,SCHOOL DISTRICT NO 1,9935 NW DURRETT ST ,6.62,R10,5,211,2025,1364940,14722680,True
Franklin,R332893,1S2E07AB  -00200,SCHOOL DISTRICT NO 1,5405 SE WOODWARD ST ,18.31,IR,"5, AE, AE, AE, 104",211,2025,8294860,68870470,True
George,R151376,1N1E06CA  -04500,SCHOOL DISTRICT NO 1,10000 N BURR AVE ,7.25,R5,5,211,2025,2823950,7179430,True
Glencoe,R233570,1S2E06BA  -01800,SCHOOL DISTRICT NO 1,825 SE 51ST AVE ,5.36,R2.5,5,211,2025,1407040,4575320,True
Glencoe,R233576,1S2E06BA  -17600,SCHOOL DISTRICT NO 1,825 WI/ SE 51ST AVE ,0.44,R2.5,5,211,2025,868000,51230,False
Grant,R316212,1N1E25DB  -02200,SCHOOL DISTRICT NO 1,2245 NE 36TH AVE ,10.2,R5,"5, 104",211,2025,22215600,85713900,True
Gray,R328544,1S1E16    -00500,SCHOOL DISTRICT NO 1,5505 SW 23RD AVE ,8.4,R7,5,211,2025,2207710,20366590,True
Gray,R281490,1S1E16CB  -03000,SCHOOL DISTRICT NO 1,LEVY CODE 001 ,0.13,R7,5,100,2025,5600,0,False
Gray,R328837,1S1E17DA  -00100,SCHOOL DISTRICT NO 1,5505 WI/ SW 23RD AVE ,4.78,R7,5,100,2025,3087000,0,False
Grout,R126378,1S1E12CD  -11100,SCHOOL DISTRICT NO 1,3119 SE HOLGATE BLVD ,2.34,R5,5,211,2025,2555240,9144960,True
Harriet Tubman,R102581,1N1E27DB  -02900,SCHOOL DISTRICT NO 1,2231 WI/ N FLINT AVE ,0.63,OS,5,201,2025,54460,1643960,False
Harriet Tubman,R102583,1N1E27DB  -03100,SCHOOL DISTRICT NO 1,2231 WI/ N FLINT AVE ,0.02,CM3,5,211,2025,30050,0,False
Harriet Tubman,R102584,1N1E27DB  -03200,SCHOOL DISTRICT NO 1,2231 WI/ N FLINT AVE ,0.02,OS,5,801,2025,1890,0,False
Harriet Tubman,R102593,1N1E27DB  -03300,SCHOOL DISTRICT NO 1,2231 WI/ N FLINT AVE ,0.03,,5,801,2025,2880,0,False
Harriet Tubman,R102585,1N1E27DB  -03600,SCHOOL DISTRICT NO 1,2231 N FLINT AVE ,2.02,CM3,5,211,2025,2771870,42728230,False
Harriet Tubman,R102555,1N1E27DB  -04200,SCHOOL DISTRICT NO 1,2231 WI/ N FLINT AVE ,0.11,CM3,5,211,2025,157490,29500,False
Harriet Tubman,R102554,1N1E27DB  -04300,SCHOOL DISTRICT NO 1,2231 WI/ N FLINT AVE ,0.11,CM3,5,211,2025,157490,29500,False
Harriet Tubman,R102553,1N1E27DB  -04400,SCHOOL DISTRICT NO 1,2231 WI/ N FLINT AVE ,0.11,CM3,5,211,2025,157490,0,False
Harrison Park,R332292,1S2E04    -00100,SCHOOL DISTRICT NO 1,SWC/ 87TH & SE STEPHENS ST ,4.24,OS,5,801,2025,369380,231720,False
Harrison Park,R332255,1S2E04CC  -03000,SCHOOL DISTRICT NO 1,2225 SE 87TH AVE ,5.81,R5,5,211,2025,1073780,14792510,True
Hayhurst,R329144,1S1E18DB  -09500,SCHOOL DISTRICT NO 1,5037 SW IOWA ST ,7.27,R7,5,211,2025,1851790,9417410,True
Hayhurst,R329040,1S1E18DB  -09600,SCHOOL DISTRICT NO 1,5037 WI/ SW IOWA ST ,0.15,R7,5,211,2025,58020,0,False
Hosford,R293315,1S1E01CC  -04900,SCHOOL DISTRICT NO 1,2303 SE 28TH PL ,3.93,R5,"5, AE",211,2025,3125990,15717600,True
Hosford,R109005,1S1E01CC  -05000,SCHOOL DISTRICT NO 1,2303 WI/ SE 28TH PL ,0.18,R5,5,100,2025,349800,0,False
Hosford,R326399,1S1E01CC  -05200,SCHOOL DISTRICT NO 1,2303 WI/ SE 28TH PL ,2.62,R2.5,5,211,2025,2080770,3190,False
Ida B Wells-Barnett,R328618,1S1E16DC  -03700,SCHOOL DISTRICT NO 1,1151 SW VERMONT ST ,22.75,IR,"104, 5, AE",211,2025,4443190,70887820,True
Irvington,R188766,1N1E26CA  -09000,SCHOOL DISTRICT NO 1,1320 WI/ NE BRAZEE ST ,1.15,OS,5,801,2025,100000,0,False
Irvington,R188765,1N1E26CA  -09100,SCHOOL DISTRICT NO 1,1320 NE BRAZEE ST ,2.3,R5,"104, 29, 5",211,2025,2087140,24036800,True
Jackson,R330729,1S1E29C   -00100,SCHOOL DISTRICT NO 1,10625 SW 35TH AVE ,36.43,OS,"5, AE",801,2025,2808040,70474860,True
Jackson,R330986,1S1E29C   -00200,SCHOOL DISTRICT NO 1,10625 WI/ SW 35TH AVE ,0.97,OS,"4, 5",201,2025,59140,1393750,False
James John,R232286,1N1W12AB  -12100,SCHOOL DISTRICT NO 1,7439 N CHARLESTON AVE ,1.19,CM2,5,211,2025,1248730,7820680,True
Jefferson,R298127,1N1E22AB  -02900,SCHOOL DISTRICT NO 1,5210 WI/ N KERBY AVE ,3.99,IR,5,211,2025,1021900,0,False
Jefferson,R131398,1N1E22AC  -21500,SCHOOL DISTRICT NO 1,574 WI/ N ALBERTA ST ,0.22,IR,5,211,2025,532000,0,False
Jefferson,R210923,1N1E22BA  -00100,SCHOOL DISTRICT NO 1,5210 N KERBY AVE ,7.38,IR,"5, 104",211,2025,1881540,25478360,True
Jefferson,R210799,1N1E22BA  -06700,SCHOOL DISTRICT NO 1,614 N EMERSON ST ,0.46,IR,5,700,2025,291280,32440,False
Jefferson,R210924,1N1E22BD  -00100,SCHOOL DISTRICT NO 1,574 N ALBERTA ST ,1.25,IR,5,211,2025,261680,39080,False
Kellogg,R333132,1S2E08BD  -09200,SCHOOL DISTRICT NO 1,3400 SE 69TH AVE ,6.18,RM2,5,211,2025,10747360,30023580,True
Kelly,R336613,1S2E21BA  -11700,SCHOOL DISTRICT NO 1,9030 SE COOPER ST ,7.79,R5,5,211,2025,3326420,22666690,True
Kelly,R183091,1S2E21BD  -00800,SCHOOL DISTRICT NO 1,7005 SE 91ST AVE ,0.12,R5,5,211,2025,87050,0,False
Kelly,R183089,1S2E21BD  -00900,SCHOOL DISTRICT NO 1,9025 SE RURAL ST ,0.37,R5,5,211,2025,231570,0,False
Kelly,R183093,1S2E21BD  -01000,SCHOOL DISTRICT NO 1,9017 SE RURAL ST ,0.23,R5,5,211,2025,103550,0,False
Kelly,R183092,1S2E21BD  -01100,SCHOOL DISTRICT NO 1,9005 SE RURAL ST ,0.4,R5,5,211,2025,186330,0,False
Kelly,R183094,1S2E21BD  -01200,SCHOOL DISTRICT NO 1,8937 SE RURAL ST ,0.28,R5,5,211,2025,180930,0,False
Lane,R719518,1S2E19AA  -04001,SCHOOL DISTRICT NO 1J,6745 SE 60TH AVE ,5.55,OS,"5, 104",211,2025,110990,764010,False
Lane,R719520,1S2E19AA  -04002-A1,SCHOOL DISTRICT NO 1,7018 WI/ SE 57TH AVE ,0,,"5, 91",211,2025,0,0,False
Lane,R336110,1S2E19AD  -00100,SCHOOL DISTRICT NO 1,7200 SE 60TH AVE ,9.09,R5,"104, 5, AE, 29, 104, 104, 93",211,2025,1609300,17068420,True
Laurelhurst,R203336,1N2E31BC  -16400,SCHOOL DISTRICT NO 1,840 NE 41ST AVE ,2.91,R5,5,211,2025,1776190,5232270,True
Lee,R319115,1N2E28DB  -06300,SCHOOL DISTRICT NO 1,2222 NE 92ND AVE ,9.06,R5,5,211,2025,1379760,7549200,True
Lent,R125384,1S2E16    -00100,SCHOOL DISTRICT NO 1,5105 SE 97TH AVE ,10.75,R5,"5, AE, AE",211,2025,1021280,14392010,True
Lewis,R148203,1S2E19BB  -13000,SCHOOL DISTRICT NO 1,4331 SE EVERGREEN ST ,5.45,R5,5,211,2025,969510,9329420,True
Lincoln,R326767,1S1E04AB  -00100,SCHOOL DISTRICT NO 1,1750 SW SALMON ST ,10.85,CX,5,201,2025,37726490,92649950,True
Llewellyn,R288092,1S1E14CD  -02900,SCHOOL DISTRICT NO 1,6301 WI/ SE 14TH AVE ,1.09,R5,5,100,2025,1654400,0,False
Llewellyn,R288069,1S1E14CD  -03000,SCHOOL DISTRICT NO 1,6301 SE 14TH AVE ,2.2,R5,5,211,2025,2119070,13902370,True
MLK Jr,R316116,1N1E23BC  -08700,SCHOOL DISTRICT NO 1,4906 NE 6TH AVE ,4.82,R5,"5, 104, 29",211,2025,5624600,15374260,True
Maplewood,R329478,1S1E19AC  -01600,SCHOOL DISTRICT NO 1,7452 SW 52ND AVE ,4.3,R7,5,211,2025,985310,4619180,True
Markham,R331029,1S1E30DD  -01700,SCHOOL DISTRICT NO 1,10531 SW CAPITOL HWY ,9.18,RM1,"104, 5, 29",211,2025,4316870,7721690,True
Marysville,R214026,1S2E17AA  -05400,SCHOOL DISTRICT NO 1,7733 SE RAYMOND ST ,5.2,R2.5,5,211,2025,927120,8288590,True
McDaniel,R170390,1N2E29AD  -03200,SCHOOL DISTRICT NO 1,2735 NE 82ND AVE ,11.7,R5,"5, 104",211,2025,21600000,63461940,True
McDaniel,R101730,1N2E29DA  -00100,SCHOOL DISTRICT NO 1,2735 WI/ NE 82ND AVE ,8.17,R5,5,211,2025,15120000,7180950,False
Mt Tabor,R319236,1N2E31DD  -09500,SCHOOL DISTRICT NO 1,5800 SE ASH ST ,7.42,R5,5,211,2025,1697680,8210220,True
Ockley Green,R315542,1N1E15CB  -05100,SCHOOL DISTRICT NO 1,1315 N AINSWORTH ST ,5.2,OS,5,801,2025,453020,15391980,True
Odyssey,R326907,1S1E06CA  -02800,SCHOOL DIST #1,1849 SW 58TH AVE ,5.76,R20,5,211,2025,5334110,1547550,True
Odyssey,R326906,1S1E06CA  -02900,MULTNOMAH COUNTY SCHOOL DISTRICT NO 1J,1851 SW 58TH AVE ,0.39,CM1,5,201,2025,621460,125210,False
Peninsula,R183270,1N1E09CB  -12800,SCHOOL DISTRICT NO 1,8125 N EMERALD AVE ,6.73,R5,"5, 29, 104",211,2025,1481270,9800850,True
Richmond,R332757,1S2E06CC  -19500,SCHOOL DISTRICT NO 1,2276 SE 41ST AVE ,3.82,R5,5,211,2025,1128820,17640080,True
Rieke,R328614,1S1E16CD  -02500,SCHOOL DISTRICT NO 1,1405 SW VERMONT ST ,12.63,CM2,"104, 5",201,2025,1667720,14658670,True
Rigler,R317684,1N2E19AC  -07000,SCHOOL DISTRICT NO 1,5401 NE PRESCOTT ST ,8.77,R7,"5, 104",211,2025,1951510,10258660,True
Roosevelt,R314722,1N1E07B   -00100,SCHOOL DISTRICT NO 1,6941 N CENTRAL ST ,17.1,R5,"5, 104, AE, AE, 104",211,2025,25760000,55443670,True
Rosa Parks,R652372,1N1E08B   -90002,SCHOOL DISTRICT NO. 1J MULTNOMAH COUNTY OREGON,4430 N TRENTON ST UNIT #2,0,RM1,5,202,2025,0,1990410,False
Rosa Parks,R652373,1N1E08B   -90003,SCHOOL DISTRICT NO. 1J MULTNOMAH COUNTY OREGON,4430 N TRENTON ST UNIT #3,0,RM1,5,202,2025,0,10477150,False
Rose City Park,R282750,1N2E30DA  -06300,SCHOOL DISTRICT NO 1,2334 NE 57TH AVE ,3.7,R5,5,211,2025,8652500,3332900,False
Roseway Heights,R170397,1N2E29AC  -01300,SCHOOL DISTRICT NO 1,7334 NE SISKIYOU ST ,8.53,R5,"AE, 5",211,2025,1745930,12758980,True
Sabin,R147210,1N1E23DC  -01500,SCHOOL DISTRICT NO 1,4013 WI/ NE 18TH AVE ,1.67,R5,5,211,2025,586810,0,False
Sabin,R189677,1N1E23DB  -15600,SCHOOL DISTRICT NO 1,4013 NE 18TH AVE ,1.96,R5,5,211,2025,689200,9284540,True
Scott,R300739,1N2E20C   -00100,SCHOOL DISTRICT NO 1,6700 NE PRESCOTT ST ,5.71,R5,"5, AE",211,2025,2523530,10519560,True
Sellwood,R267449,1S1E23DC  -17000,SCHOOL DISTRICT NO 1,8300 SE 15TH AVE ,4.75,R5,5,211,2025,5631890,7175300,True
Sitton,R181442,1N1W01BD  -02100,SCHOOL DISTRICT NO 1,9930 N SMITH ST ,6.95,R5,5,211,2025,13800000,5158250,True
Skyline,R325355,2N1W31D   -00900,SCHOOL DISTRICT NO 1,11536 NW SKYLINE BLVD ,5.84,EFU,"5, 104",211,2025,201440,4146930,True
Stephenson,R331338,1S1E32AD  -08400,SCHOOL DISTRICT NO 1,2627 SW STEPHENSON ST ,2.73,R10,"104, 104, 5",211,2025,576920,7708170,False
Stephenson,R331337,1S1E32AD  -08500,SCHOOL DISTRICT NO 1,2627 WI/ SW STEPHENSON ST ,3.01,R10,"104, 5",211,2025,565250,0,True
Stephenson,R331336,1S1E32AD  -08600,SCHOOL DISTRICT NO 1,2627 WI/ SW STEPHENSON ST ,3.01,R10,"104, 5",211,2025,565250,0,False
Sunnyside Environmental,R280662,1S1E01AC  -16200,SCHOOL DISTRICT NO 1,3421 SE SALMON ST ,3.08,OS,5,201,2025,5029400,5362530,True
Vernon,R294926,1N1E23AA  -02900,SCHOOL DISTRICT NO 1,2044 NE KILLINGSWORTH ST ,3.74,R2.5,5,211,2025,1459710,10928050,True
Vestal,R151772,1N2E32DA  -02700,SCHOOL DISTRICT NO 1,161 WI/ NE 82ND AVE ,0.3,RM2,"5, 104",211,2025,153160,23370,False
Vestal,R221963,1N2E32DA  -03800,SCHOOL DISTRICT NO 1,161 NE 82ND AVE ,4.53,R2.5,"5, 104",211,2025,2287780,8451230,True
Whitman,R336501,1S2E20DB  -02400,SCHOOL DISTRICT NO 1,7326 WI/ SE FLAVEL ST ,0.25,RM2,5,211,2025,153050,86590,False
Whitman,R336504,1S2E20DB  -02500,SCHOOL DISTRICT NO 1,7326 SE FLAVEL ST ,3.4,RM2,5,211,2025,1066230,19728730,True
Whitman,R336331,1S2E20DB  -03100,SCHOOL DISTRICT NO 1,7326 WI/ SE FLAVEL ST ,3.61,RM2,5,211,2025,683890,0,False
Winterhaven,R114768,1S1E11DB  -08700,SCHOOL DISTRICT NO 1,3830 SE 14TH AVE ,4.9,OS,5,201,2025,426700,8862060,True
Woodlawn,R266355,1N1E14BA  -06100,SCHOOL DISTRICT NO 1,7200 NE 11TH AVE ,4.88,R5,5,211,2025,1761110,12422620,True
Woodlawn,R266356,1N1E14BA  -07300,SCHOOL DISTRICT NO 1J,7200 WI/ NE 11TH AVE ,0.26,R5,5,100,2025,503500,0,False
Woodmere,R336285,1S2E20AA  -06700,SCHOOL DISTRICT NO 1,7900 SE DUKE ST ,5.53,R2.5,"5, 104",211,2025,985150,6388250,True
Woodstock,R312580,1S2E18CA  -11800,SCHOOL DISTRICT NO 1,5601 SE 50TH AVE ,5.04,OS,"5, AE",211,2025,1992780,9972170,True
