school_name,level,school_type,ode_school_id,nces_school_id,street_address,city,zip_code,latitude,longitude,is_closure_candidate,closure_rank,is_title_i,is_urm_building,urm_retrofit_cost_usd,retrofit_cost_remaining_usd,seismic_retrofit_status,recent_boundary_change,programs,has_dli,dli_languages,has_focus_option,dli_students_2526,neighborhood_students_2526,pct_dli_2526,year_built,square_feet,construction_type_2009,functional_capacity_2021,utilization_pct_2526,functional_capacity_model,utilization_model_2526,capacity_source_conflict,fc_model_approx,capacity_conflict_note,data_note,gross_capacity,classrooms_total,avg_classroom_sqft,science_rooms,art_music_rooms,computer_rooms,gym_rooms,leased_classrooms,lease_tenants,fully_sprinklered,k2_program,k2_program_expires,sprinkler_notes,enrollment_2024_25,enrollment_2025_26,enrollment_pct_change,enrollment_2018,enrollment_2019,enrollment_2020,enrollment_2021,enrollment_2022,enrollment_2023,ccd_enrollment_2022,pct_ela_prof_2425,pct_math_prof_2425,pct_ela_prof_2324,pct_math_prof_2324,n_ela_participants_2425,n_math_participants_2425,pct_regular_attenders_2425,pct_experienced_teachers_2425,pct_teacher_retention_2425,class_size_2425,crdc_lep_2020,crdc_idea_2020,crdc_chronic_absent_2020,pct_lep,pct_idea,teachers_fte_2021,students_per_teacher_2021,teachers_fte_2023,students_per_teacher_2023,airflow_rooms_tested,airflow_ach_e_median,airflow_pct_below_3_ach,airflow_pct_below_6_ach,airflow_filter_upgraded,counselors_fte_2021,social_workers_fte_2021,psychologists_fte_2021,nurses_fte_2021,suspensions_2021,chronic_absent_2021,enrollment_crdc_2021,frl_free_lunch,frl_reduced_lunch,frl_direct_certification,pct_free_lunch,pct_frl,pct_direct_cert,pct_ai_an,pct_asian,pct_nhpi,pct_black,pct_hispanic,pct_white,pct_multiracial,affordable_units_within_1mi,pipeline_affordable_units_within_1mi,pipeline_family_units_within_1mi,n_pipeline_projects_within_1mi,permits_units_within_1mi_since_2022,n_permits_within_1mi_since_2022,bli_forecast_units_within_catchment,prc_baseline_2025_26,enrollment_forecast_2026_27,enrollment_forecast_2027_28,enrollment_forecast_2028_29,enrollment_forecast_2029_30,enrollment_forecast_2030_31,enrollment_forecast_2031_32,enrollment_forecast_2032_33,enrollment_forecast_2033_34,enrollment_forecast_2034_35,enrollment_forecast_2035_36,enrollment_forecast_pct_change_10yr,enrollment_forecast_2035_36_low,enrollment_forecast_2035_36_high,rs_a_category,rs_a_detail,rs_b_category,rs_b_detail
Rosa Parks Elementary School,elementary,Regular School,829.0,411004000872.0,8960 N Woolsey Ave,Portland,97203,45.58786,-122.712724,True,1.0,True,False,,0.0,,,,False,,False,,,,2006.0,46657.0,Wood,594.0,0.2694,594.0,0.2694,False,False,,,741.0,27.0,977.0,0.0,0.0,1.0,1.0,,,True,False,,,172.0,160.0,-0.0698,275.0,278.0,266.0,214.0,197.0,177.0,197.0,17.3,11.1,17.0,13.8,83.0,83.0,50.0,70.0,71.0,14.5,72.0,42.0,110.0,0.45,0.2625,20.0,10.55,17.0,10.41,66.0,2.4,0.6667,0.8636,True,1.0,0.5,0.0,0.25,15.0,137.0,211.0,128.0,0.0,124.0,0.6497,0.6497,0.6294,0.0,0.03125,0.0125,0.35,0.36875,0.1375,0.1,1694,0,0,0,21,21,1833.8,160.0,161.0,159.0,165.0,168.0,164.0,168.0,167.0,166.0,162.0,159.0,-0.00625,148.0,177.0,boundary,Attendance boundary changes,boundary,Attendance boundary changes
Whitman Elementary School,elementary,Regular School,900.0,411004000949.0,7326 SE Flavel St,Portland,97206,45.4681,-122.5873,True,2.0,True,False,,6755000.0,,,,False,,False,,,,1954.0,68763.0,Wood,493.0,0.3915,493.0,0.3915,False,False,,,681.0,25.0,918.0,0.0,0.0,1.0,1.0,0.0,MECP - DDSD (Preschool),False,False,,Only the stage is sprinklered.,198.0,193.0,-0.0253,238.0,220.0,185.0,152.0,153.0,180.0,153.0,31.4,21.2,40.4,29.9,88.0,88.0,63.0,75.0,78.0,20.0,35.0,35.0,68.0,0.1813,0.1813,13.0,11.46,10.0,18.0,43.0,3.2,0.3953,0.8837,True,1.0,0.5,0.0,0.25,33.0,79.0,149.0,123.0,0.0,50.0,0.8039,0.8039,0.3268,0.02591,0.09845,0.02591,0.11399,0.23834,0.36269,0.13472,144,0,0,0,135,130,3970.2,194.0,197.0,205.0,216.0,217.0,222.0,223.0,226.0,225.0,219.0,215.0,0.1082474226804123,200.0,239.0,boundary,Attendance boundary changes,boundary,Attendance boundary changes
Skyline Elementary School,k8,Regular School,890.0,411004000938.0,11536 NW Skyline Blvd,Portland,97231,45.6077,-122.856472,True,3.0,False,False,,6077500.0,targeted,,,False,,False,,,,1939.0,37245.0,Wood,282.0,0.734,282.0,0.734,False,False,,,393.0,15.0,832.0,1.0,0.0,0.0,1.0,0.0,City of Portland (COP Antenna),False,False,,,226.0,207.0,-0.0841,274.0,248.0,181.0,205.0,215.0,218.0,215.0,74.7,63.0,71.7,62.0,146.0,146.0,83.0,85.0,80.0,22.0,0.0,29.0,16.0,0.0,0.1401,13.0,15.77,12.0,18.17,26.0,0.0,0.9231,0.9615,False,1.5,0.0,0.0,0.25,30.0,68.0,205.0,21.0,7.0,13.0,0.0977,0.1302,0.0605,0.0,0.03865,0.00483,0.02415,0.1256,0.66184,0.14493,0,0,0,0,17,15,1044.5,207.0,203.0,196.0,197.0,190.0,180.0,177.0,170.0,168.0,174.0,170.0,-0.178743961352657,158.0,189.0,,,,
Creston Elementary School,elementary,Regular School,843.0,411004000886.0,4701 SE Bush St,Portland,97206,45.4954,-122.6147,True,4.0,False,True,10970000.0,14613750.0,targeted,SEGC 2023,,False,,False,,,,1948.0,70765.0,Wood,558.0,0.3925,282.0,0.7766,True,False,"The utilization model's classroom count excludes the Creston annex building; the 2021 LRFP counted those rooms, so its capacity is roughly double.",,609.0,21.0,1087.0,0.0,1.0,0.0,1.0,0.0,MECP - DDSD (Preschool); Columbia Regional Programs (Grades K-5),False,False,,,246.0,219.0,-0.1098,361.0,375.0,387.0,249.0,260.0,238.0,260.0,66.1,67.2,64.5,54.8,122.0,120.0,77.0,100.0,75.0,17.0,34.0,92.0,44.0,0.1553,0.4201,15.0,16.6,15.0,15.87,54.0,2.1,0.7778,0.9259,True,1.0,0.5,0.0,0.25,30.0,100.0,249.0,202.0,0.0,40.0,0.7769,0.7769,0.1538,0.0,0.05023,0.00913,0.02283,0.15068,0.6621,0.10502,76,180,4,2,325,97,5104.2,213.0,199.0,201.0,191.0,189.0,188.0,187.0,181.0,173.0,171.0,167.0,-0.215962441314554,155.0,186.0,closes,Closes; Program move: Creston Deaf and Hard of Hearing to Glencoe,closes,Closes; Program move: Creston Deaf and Hard of Hearing to Glencoe
Odyssey Program (K-8),k8,Program,,,1849 SW 58th Ave,Portland,97221,45.5108,-122.7375,True,5.0,False,False,,3220000.0,,,TAG / integrated focus,False,,True,,,,1933.0,24986.0,Wood,174.0,1.2471,174.0,1.2471,False,False,,"Odyssey has been in the East Sylvan building since fall 2016. Enrollment is PPS's own count. State and federal data report Odyssey's students under Hayhurst, so Odyssey has no demographics, test-score, or staffing figures of its own.",282.0,11.0,723.0,0.0,1.0,0.0,1.0,,,False,False,,"Standard Q sprinkler option: Corridors, stairwells, and exit pathways",211.0,217.0,0.0284,239.0,244.0,244.0,219.0,225.0,227.0,,,,,,,,,,,,,,,,,,,,,21.0,0.0,0.6667,0.9524,True,,,,,,,,,,,,,,,,,,,,,0,0,0,0,8,8,1995.9,217.0,221.0,220.0,223.0,222.0,223.0,224.0,225.0,230.0,235.0,240.0,0.1059907834101382,223.0,267.0,program_change,Program move: Odyssey moves to the MLC site,program_change,Program move: Odyssey moves to the MLC site
Woodmere Elementary School,elementary,Regular School,903.0,411004000953.0,7900 SE Duke St,Portland,97206,45.4751,-122.5824,True,6.0,True,False,,13690000.0,,,,False,,False,,,,1954.0,55324.0,Wood,473.0,0.4778,496.8,0.4549,True,False,PPS's 2021 Long-Range Facility Plan and its operational utilization model report different capacities for this building. Both figures are PPS's own.,,648.0,24.0,932.0,1.0,0.0,0.0,1.0,1.0,MECP - DDSD (Preschool),False,False,,Only the stage is sprinklered.,241.0,226.0,-0.0622,301.0,273.0,269.0,253.0,234.0,248.0,234.0,27.7,21.6,28.9,25.9,120.0,117.0,57.0,67.0,85.0,17.0,64.0,66.0,81.0,0.2832,0.292,16.0,15.88,17.0,14.59,42.0,1.6,0.7619,0.9524,True,1.0,0.5,0.0,0.23,15.0,116.0,254.0,154.0,0.0,94.0,0.6581,0.6581,0.4017,0.00885,0.12389,0.00442,0.09735,0.24779,0.34513,0.17257,188,0,0,0,113,90,3431.5,227.0,222.0,224.0,222.0,223.0,217.0,225.0,221.0,216.0,209.0,200.0,-0.118942731277533,186.0,223.0,closes,Closes,closes,Closes
Arleta Elementary School,elementary,Regular School,826.0,411004000869.0,5109 SE 66th Ave,Portland,97206,45.4862,-122.5961,True,7.0,True,False,,12355000.0,targeted,,,False,,False,,,,1929.0,76489.0,LRCW,696.0,0.3305,696.0,0.3305,False,False,,,780.0,30.0,794.0,2.0,2.0,0.0,1.0,,,False,True,2027.0,"Standard Q sprinkler option: Corridors, stairwells, and exit pathways",252.0,230.0,-0.0873,490.0,525.0,485.0,270.0,256.0,274.0,256.0,47.4,47.4,51.0,42.6,137.0,135.0,70.0,85.0,68.0,20.0,42.0,94.0,123.0,0.1826,0.4087,19.0,14.16,16.0,17.12,51.0,,,,False,1.5,0.0,0.0,0.25,33.0,117.0,269.0,168.0,0.0,48.0,0.6562,0.6562,0.1875,0.00435,0.03043,0.00435,0.02174,0.14783,0.61739,0.17391,114,0,0,0,110,108,3849.7,230.0,216.0,213.0,214.0,212.0,216.0,210.0,211.0,211.0,203.0,203.0,-0.117391304347826,189.0,226.0,boundary,Attendance boundary changes,boundary,Attendance boundary changes
Peninsula Elementary School,elementary,Regular School,879.0,411004000926.0,8125 N Emerald Ave,Portland,97217,45.5819,-122.700338,True,8.0,True,False,,6520000.0,,,,False,,False,,,,1952.0,70151.0,Wood,613.0,0.3899,612.8,0.39,False,False,,,783.0,29.0,898.0,1.0,2.0,0.0,1.0,0.0,Albina Early Head Start (Teen Parent Services),False,False,,,235.0,239.0,0.017,265.0,265.0,237.0,201.0,225.0,234.0,225.0,50.9,36.4,57.1,36.2,109.0,108.0,66.0,81.0,83.0,15.0,14.0,70.0,51.0,0.0586,0.2929,19.0,10.42,15.0,15.6,48.0,2.95,0.5,0.9167,False,1.0,0.5,0.0,0.25,51.0,91.0,198.0,145.0,0.0,45.0,0.6444,0.6444,0.2,0.01674,0.0251,0.00418,0.12971,0.20084,0.45188,0.17155,799,184,80,4,236,131,4536.9,239.0,252.0,250.0,249.0,236.0,236.0,236.0,236.0,228.0,221.0,217.0,-0.0920502092050209,202.0,242.0,closes,Closes,closes,Closes
Chief Joseph Elementary School,elementary,Regular School,840.0,411004000883.0,2409 N Saratoga St,Portland,97217,45.5729,-122.6915,True,9.0,False,False,,4635000.0,targeted,,,False,,False,,,,1949.0,44412.0,Wood,499.0,0.495,498.8,0.4952,False,False,,,579.0,21.0,939.0,0.0,1.0,0.0,1.0,,,False,True,2027.0,Only the stage is sprinklered.,278.0,247.0,-0.1115,358.0,351.0,305.0,273.0,261.0,265.0,261.0,63.0,55.2,61.8,55.1,127.0,125.0,83.0,88.0,83.0,22.0,25.0,42.0,42.0,0.1012,0.17,17.0,15.76,14.0,18.93,38.0,1.85,0.6316,0.7632,True,1.0,0.5,0.0,0.25,15.0,85.0,268.0,168.0,0.0,36.0,0.6437,0.6437,0.1379,0.0,0.00405,0.01215,0.05263,0.12955,0.68826,0.11336,340,0,0,0,254,90,5762.2,242.0,242.0,245.0,248.0,240.0,234.0,238.0,234.0,229.0,224.0,221.0,-0.0867768595041322,206.0,246.0,boundary,Attendance boundary changes,boundary,Attendance boundary changes
Lee Elementary School,elementary,Regular School,869.0,411004000914.0,2222 NE 92nd Ave,Portland,97220,45.5381,-122.5677,True,10.0,True,False,1905000.0,6881125.0,,DBRAC 2018,,False,,False,,,,1953.0,73276.0,Wood,443.0,0.5666,442.8,0.5668,False,False,,,684.0,25.0,920.0,2.0,0.0,2.0,1.0,,,False,False,,,257.0,251.0,-0.0233,276.0,269.0,263.0,236.0,274.0,289.0,274.0,47.1,41.5,37.4,31.7,137.0,135.0,65.0,93.0,86.0,21.0,66.0,39.0,53.0,0.2629,0.1554,22.0,10.68,18.0,16.06,45.0,2.0,0.8222,0.9556,True,0.0,0.5,0.0,0.27,42.0,99.0,235.0,201.0,0.0,64.0,0.7336,0.7336,0.2336,0.00398,0.09163,0.03984,0.13546,0.18725,0.43426,0.10757,767,0,0,0,40,39,3933.9,251.0,254.0,245.0,249.0,239.0,252.0,254.0,252.0,250.0,243.0,239.0,-0.047808764940239,223.0,266.0,,,,
Lent Elementary School,elementary,Regular School,870.0,411004000915.0,5105 SE 97th Ave,Portland,97266,45.4855,-122.5639,True,11.0,True,False,,0.0,full,SEGC 2023,Spanish DLI,True,Spanish,False,256.0,0.0,1.0,1949.0,74131.0,Wood,707.0,0.3621,658.8,0.3886,True,False,PPS's 2021 Long-Range Facility Plan and its operational utilization model report different capacities for this building. Both figures are PPS's own.,,1002.0,36.0,1003.0,2.0,1.0,1.0,1.0,,,False,False,,,256.0,256.0,0.0,506.0,475.0,476.0,278.0,251.0,273.0,251.0,46.5,36.6,44.7,39.3,145.0,142.0,73.0,85.0,56.0,21.5,127.0,84.0,121.0,0.4961,0.3281,20.0,13.75,20.0,13.65,65.0,0.0,0.8615,0.9692,False,1.0,0.5,0.0,0.23,96.0,111.0,275.0,191.0,0.0,107.0,0.761,0.761,0.4263,0.0,0.0,0.0,0.01563,0.68359,0.24219,0.05859,287,0,0,0,74,27,2394.4,256.0,253.0,256.0,268.0,271.0,283.0,274.0,270.0,265.0,254.0,249.0,-0.02734375,232.0,277.0,program_change,Program move: Atkinson to Lent; Attendance boundary changes,program_change,Program move: Atkinson to Lent; Attendance boundary changes
Irvington Elementary School,elementary,Regular School,861.0,411004000905.0,1320 NE Brazee St,Portland,97212,45.5402,-122.652,True,12.0,False,False,,16255000.0,,DBRAC 2018,,False,,False,,,,1932.0,65285.0,LRCW,547.0,0.4735,547.2,0.4733,False,False,,,780.0,31.0,761.0,1.0,0.0,1.0,1.0,0.0,Irvington Extended Care (Preschool),False,False,,,249.0,259.0,0.0402,339.0,325.0,320.0,248.0,228.0,235.0,228.0,66.4,57.8,62.8,55.3,128.0,128.0,75.0,79.0,84.0,22.0,11.0,52.0,23.0,0.0425,0.2008,16.0,15.5,15.0,15.67,54.0,2.85,0.5185,0.963,True,1.0,0.0,0.0,0.27,9.0,60.0,248.0,46.0,1.0,32.0,0.2018,0.2061,0.1404,0.00386,0.01158,0.0,0.0888,0.12741,0.62162,0.14672,558,226,98,3,28,22,6082.7,259.0,249.0,240.0,236.0,229.0,220.0,223.0,222.0,218.0,213.0,210.0,-0.1891891891891892,196.0,234.0,closes,Closes,closes,Closes
Lewis Elementary School,elementary,Regular School,871.0,411004000916.0,4401 SE Evergreen St,Portland,97206,45.4739,-122.6179,True,13.0,False,False,,0.0,full,,,False,,False,,,,1952.0,48380.0,Wood,444.0,0.5901,444.0,0.5901,False,False,,,540.0,20.0,912.0,0.0,1.0,1.0,1.0,,,False,False,,Only the stage is sprinklered.,267.0,262.0,-0.0187,390.0,410.0,368.0,337.0,320.0,297.0,320.0,66.4,59.4,73.7,57.0,140.0,138.0,80.0,100.0,90.0,21.0,8.0,59.0,21.0,0.0305,0.2252,20.0,16.9,16.0,18.56,37.0,2.9,0.5135,0.973,False,1.0,0.5,0.0,0.25,0.0,96.0,338.0,54.0,6.0,34.0,0.1688,0.1875,0.1062,0.0,0.06107,0.0,0.01527,0.12214,0.64885,0.15267,4,0,0,0,396,101,2113.4,259.0,243.0,224.0,206.0,213.0,202.0,201.0,197.0,192.0,188.0,185.0,-0.2857142857142857,172.0,206.0,closes,Closes,boundary,Attendance boundary changes
Forest Park Elementary School,elementary,Regular School,2413.0,411004001395.0,9935 NW Durrett St,Portland,97229,45.542628,-122.777668,True,14.0,False,False,,,,,,False,,False,,,,1998.0,41898.0,Concrete,546.0,0.4835,546.0,0.4835,False,False,,,627.0,22.0,947.0,0.0,0.0,1.0,1.0,,,True,False,,,302.0,264.0,-0.1258,418.0,402.0,348.0,333.0,328.0,321.0,328.0,83.7,77.7,79.5,78.4,167.0,167.0,86.0,89.0,82.0,23.5,27.0,36.0,6.0,0.1023,0.1364,19.0,17.47,15.0,21.4,47.0,4.7,0.3404,0.6809,True,1.5,0.0,0.0,0.25,0.0,30.0,332.0,10.0,1.0,6.0,0.0305,0.0335,0.0183,0.00379,0.19697,0.00379,0.03409,0.07955,0.54545,0.13636,0,0,0,0,15,15,2908.3,264.0,259.0,260.0,260.0,257.0,252.0,258.0,253.0,251.0,246.0,243.0,-0.0795454545454545,226.0,271.0,,,,
Rieke Elementary School,elementary,Regular School,1299.0,411004000371.0,1405 SW Vermont,Portland,97219,45.4765,-122.6949,True,15.0,False,True,4160000.0,6040000.0,,,,False,,False,,,,1961.0,30647.0,Steel,492.0,0.5407,492.0,0.5407,False,False,,,546.0,20.0,914.0,0.0,1.0,0.0,1.0,,,False,False,,,279.0,266.0,-0.0466,379.0,368.0,332.0,313.0,300.0,288.0,300.0,85.3,82.7,83.3,81.4,156.0,156.0,86.0,98.0,90.0,23.5,7.0,46.0,19.0,0.0263,0.1729,16.0,19.44,15.0,19.2,29.0,1.7,0.5862,0.8966,False,1.5,0.0,0.0,0.25,27.0,47.0,311.0,36.0,2.0,21.0,0.12,0.1267,0.07,0.0,0.03008,0.00752,0.03008,0.08647,0.72556,0.1203,176,0,0,0,147,55,4611.9,264.0,255.0,252.0,296.0,314.0,317.0,311.0,298.0,282.0,256.0,248.0,-0.0606060606060606,231.0,276.0,boundary,Attendance boundary changes,boundary,Attendance boundary changes
Abernethy Elementary School,elementary,Regular School,822.0,411004000865.0,2421 SE Orange Ave,Portland,97214,45.5058,-122.6514,False,,False,False,450000.0,12367500.0,targeted,,,False,,False,,,,1925.0,48438.0,LRCW,522.0,0.5153,522.0,0.5153,False,False,,,549.0,22.0,721.0,0.0,1.0,1.0,1.0,,,False,True,2027.0,"Standard Q sprinkler option: Corridors, stairwells, and exit pathways",285.0,269.0,-0.0561,520.0,507.0,450.0,374.0,353.0,330.0,353.0,81.6,77.3,81.4,79.5,163.0,164.0,81.0,100.0,90.0,22.0,4.0,59.0,14.0,0.0149,0.2193,21.0,17.81,17.0,19.41,40.0,3.45,0.475,0.95,True,1.5,0.0,0.0,0.25,91.0,85.0,374.0,33.0,5.0,20.0,0.0935,0.1076,0.0567,0.00372,0.0223,0.0,0.01115,0.09294,0.75836,0.11152,50,88,0,1,191,92,8399.3,269.0,250.0,242.0,242.0,247.0,244.0,241.0,237.0,232.0,225.0,223.0,-0.1710037174721189,208.0,248.0,boundary,Attendance boundary changes,boundary,Attendance boundary changes
Ainsworth Elementary School,elementary,Regular School,823.0,411004000866.0,2425 SW Vista Ave,Portland,97201,45.5098,-122.6996,False,,False,True,7865000.0,10120000.0,planned_targeted,,Spanish DLI,True,Spanish,False,287.0,278.0,0.5125,1912.0,55273.0,LRCW,636.0,0.8884,636.0,0.8884,False,False,,,771.0,28.0,918.0,0.0,0.0,1.0,1.0,,,False,True,2027.0,Main building fully sprinklered. Annex and portables not sprinklered.,587.0,565.0,-0.0375,625.0,642.0,598.0,552.0,563.0,585.0,563.0,78.5,76.4,79.8,72.3,302.0,301.0,85.0,83.0,84.0,24.5,54.0,68.0,40.0,0.0956,0.1204,29.0,19.0,29.0,20.17,42.0,2.25,0.619,0.9286,True,1.0,0.0,0.0,0.25,0.0,98.0,551.0,48.0,4.0,19.0,0.0853,0.0924,0.0337,0.00354,0.04425,0.0,0.02655,0.26903,0.53097,0.12566,1216,191,0,2,220,14,13630.1,560.0,555.0,555.0,568.0,551.0,551.0,557.0,550.0,540.0,527.0,516.0,-0.0785714285714285,480.0,575.0,,,,
Alameda Elementary School,elementary,Regular School,824.0,411004000867.0,2732 NE Fremont St,Portland,97212,45.5478,-122.6374,False,,False,False,1400000.0,9437500.0,full,,,False,,False,,,,1921.0,60840.0,Wood,792.0,0.6503,792.0,0.6503,False,False,,,930.0,34.0,894.0,0.0,1.0,1.0,1.0,,,False,False,,"Standard Q sprinkler option: Corridors, stairwells, and exit pathways",498.0,515.0,0.0341,730.0,704.0,624.0,525.0,538.0,521.0,538.0,84.0,81.1,78.8,78.2,244.0,243.0,88.0,97.0,86.0,24.0,3.0,75.0,32.0,0.0058,0.1456,27.0,19.52,24.0,21.71,54.0,2.05,0.7037,0.9815,False,2.0,0.0,0.0,0.25,6.0,80.0,527.0,370.0,0.0,14.0,0.6877,0.6877,0.026,0.00388,0.01748,0.00194,0.01359,0.08544,0.75146,0.12621,0,0,0,0,50,47,4072.3,513.0,503.0,498.0,503.0,507.0,502.0,492.0,486.0,476.0,465.0,461.0,-0.1013645224171539,429.0,513.0,,,,
Alliance High School,alternative,Alternative School,4507.0,411004001652.0,4039 NE Alberta Ct,Portland,97211,45.5586,-122.6221,False,,False,False,,,,,,False,,False,,,,1953.0,32477.0,Wood,,,,,False,False,,,,,,,,,,,,,,,,197.0,215.0,0.0914,197.0,213.0,215.0,167.0,193.0,193.0,193.0,,,33.3,,,,6.0,91.0,89.0,39.0,8.0,61.0,104.0,0.0372,0.2837,48.0,3.44,24.0,8.04,,,,,,4.0,3.0,0.0,0.5,34.0,227.0,165.0,135.0,0.0,55.0,0.6995,0.6995,0.285,0.0,0.0186,0.0,0.09767,0.24186,0.47907,0.16279,620,168,120,2,436,264,10111.4,,,,,,,,,,,,,,,,,,
Astor Elementary School,k8,Regular School,827.0,411004000870.0,5601 N Yale St,Portland,97203,45.5788,-122.7297,False,,False,False,,5060000.0,,,,False,,False,,,,1949.0,47360.0,Wood,559.0,0.7174,558.6,0.7179,False,False,,,711.0,26.0,916.0,2.0,0.0,0.0,1.0,,,False,False,,Only the stage is sprinklered.,413.0,401.0,-0.0291,434.0,416.0,395.0,393.0,368.0,375.0,368.0,54.7,46.7,52.8,47.5,277.0,272.0,71.0,89.0,89.0,25.0,15.0,75.0,76.0,0.0374,0.187,26.0,15.08,24.0,15.62,42.0,1.45,0.7381,0.9048,True,1.5,0.5,0.0,0.25,9.0,154.0,392.0,237.0,0.0,54.0,0.644,0.644,0.1467,0.02993,0.01496,0.00249,0.06983,0.14963,0.59352,0.13965,293,0,0,0,177,114,3606.8,400.0,414.0,412.0,409.0,443.0,426.0,418.0,403.0,393.0,393.0,386.0,-0.035,359.0,430.0,boundary,Attendance boundary changes,boundary,Attendance boundary changes
Atkinson Elementary School,elementary,Regular School,828.0,411004000871.0,5800 SE Division St,Portland,97206,45.505026,-122.604783,False,,True,False,,3870000.0,,,Spanish DLI,True,Spanish,False,178.0,188.0,0.4863,1952.0,58057.0,Wood,567.0,0.6455,567.0,0.6455,False,False,,,705.0,26.0,891.0,0.0,1.0,1.0,1.0,,,False,False,,,372.0,366.0,-0.0161,419.0,391.0,392.0,344.0,337.0,366.0,337.0,60.8,53.6,60.1,59.4,171.0,170.0,71.0,91.0,85.0,18.0,42.0,74.0,41.0,0.1148,0.2022,24.0,14.21,22.0,16.64,43.0,1.6,0.9302,1.0,False,1.0,0.0,0.0,0.25,6.0,85.0,341.0,69.0,11.0,30.0,0.2047,0.2374,0.089,0.0,0.00546,0.00546,0.01093,0.37978,0.53005,0.06831,113,14,4,1,52,50,4060.0,366.0,357.0,363.0,375.0,378.0,386.0,386.0,389.0,384.0,370.0,364.0,-0.0054644808743169,339.0,405.0,program_change,Program move: Atkinson to Lent; Attendance boundary changes,program_change,Program move: Atkinson to Lent; Attendance boundary changes
Beach Elementary School,elementary,Regular School,830.0,411004000873.0,1710 N Humboldt St,Portland,97217,45.5581,-122.6855,False,,False,True,1350000.0,14977500.0,planned_targeted,,Spanish DLI,True,Spanish,False,155.0,133.0,0.5382,1928.0,66633.0,LRCW,750.0,0.384,750.0,0.384,False,False,,,774.0,30.0,795.0,2.0,2.0,0.0,1.0,1.0,"MECP - Multnomah Early Childhood Program, administered by David Douglas School District (DOSD) (Preschool)",False,True,2027.0,"Standard Q sprinkler option main building corridors, stairwells and exit pathways sprinklered.",295.0,288.0,-0.0237,432.0,433.0,382.0,351.0,346.0,325.0,346.0,54.9,50.3,55.2,50.3,174.0,174.0,76.0,92.0,86.0,23.0,51.0,54.0,43.0,0.1771,0.1875,22.0,15.95,18.0,18.06,52.0,1.75,0.7692,1.0,False,1.0,0.5,0.0,0.25,0.0,83.0,351.0,226.0,0.0,75.0,0.6532,0.6532,0.2168,0.0,0.01736,0.0,0.11111,0.30208,0.45833,0.11111,1100,197,48,3,411,79,7414.3,288.0,285.0,284.0,288.0,291.0,297.0,287.0,278.0,269.0,260.0,253.0,-0.1215277777777777,236.0,282.0,closes,"Closes; Program move: Spanish: Beach, James John, and Sitton to Cesar Chavez",closes,"Closes; Program move: Spanish: Beach, James John, and Sitton to Cesar Chavez"
Beaumont Middle School,middle,Regular School,831.0,411004000874.0,4043 NE Fremont St,Portland,97212,45.5489,-122.6208,False,,False,False,,19252500.0,,,Spanish DLI,True,Spanish,False,101.0,315.0,0.2428,1926.0,94431.0,LRCW,701.0,0.5934,700.8,0.5936,False,False,,,891.0,35.0,763.0,3.0,1.0,2.0,1.0,,,False,False,,"Standard Q sprinkler option corridors, stairwells & exit pathways sprinkled main building. West addition stage only is sprinkled",435.0,416.0,-0.0437,571.0,573.0,518.0,469.0,446.0,434.0,446.0,65.1,60.5,60.0,53.9,418.0,417.0,78.0,96.0,77.0,26.0,67.0,80.0,114.0,0.1611,0.1923,28.0,16.64,28.0,15.5,72.0,3.35,0.4028,0.875,True,2.0,0.5,0.0,0.27,294.0,153.0,466.0,290.0,0.0,58.0,0.6502,0.6502,0.13,0.0024,0.00721,0.0024,0.03846,0.23798,0.58654,0.125,747,84,60,1,220,118,8004.8,416.0,415.0,410.0,388.0,390.0,390.0,418.0,424.0,431.0,438.0,431.0,0.0360576923076923,387.0,460.0,program_change,Program move: Beaumont MS to Roseway Heights MS; Grade change: Beverly Cleary 6–8 to Beaumont MS; Attendance boundary changes,program_change,Program move: Beaumont MS to Roseway Heights MS; Grade change: Beverly Cleary 6–8 to Beaumont MS; Attendance boundary changes
Benson Polytechnic High School,high,Regular School,906.0,411004000956.0,3905 SE 91st Ave,Portland,97266,45.493749,-122.572439,False,,False,False,,0.0,full,,,False,,False,,,,1916.0,402846.0,URM,2203.0,0.4648,,,False,False,,,,,,,,,,,,,,,,896.0,1024.0,0.1429,1036.0,1052.0,1005.0,899.0,824.0,818.0,824.0,42.5,25.0,39.4,15.7,153.0,116.0,59.0,90.0,87.0,26.0,70.0,194.0,492.0,0.0684,0.1895,60.0,14.97,55.0,14.87,,,,,,3.0,1.0,0.0,1.0,174.0,407.0,898.0,534.0,0.0,122.0,0.6481,0.6481,0.1481,0.00293,0.04395,0.00391,0.10156,0.25781,0.47461,0.11523,1884,124,49,2,481,130,12705.5,1025.0,1114.0,1200.0,1216.0,1215.0,1215.0,1213.0,1211.0,1209.0,1207.0,1206.0,0.1765853658536585,1123.0,1343.0,,,,
Beverly Cleary School ,other,Regular School,857.0,411004000901.0,1915 NE 33rd,Portland,97212,45.5369,-122.6315,False,,False,True,14400000.0,20320000.0,planned_full,,,False,,False,,,,1911.0,73091.0,URM,783.0,0.613,,,False,False,,,,,,,,,,,,,,,,535.0,480.0,-0.1028,782.0,743.0,691.0,656.0,604.0,558.0,604.0,78.3,70.9,74.9,71.5,404.0,402.0,88.0,100.0,92.0,28.0,9.0,91.0,37.0,0.0187,0.1896,29.0,22.62,27.0,20.67,51.0,2.95,0.5,0.94,True,2.0,0.0,0.0,0.54,0.0,101.0,656.0,41.0,8.0,18.0,0.0679,0.0811,0.0298,0.0,0.04375,0.0,0.02292,0.07292,0.71042,0.15,862,222,100,1,47,10,4677.5,480.0,464.0,430.0,412.0,407.0,398.0,389.0,392.0,379.0,377.0,374.0,-0.2208333333333333,348.0,416.0,program_change,Grade change: Beverly Cleary 6–8 to Beaumont MS; Attendance boundary changes,program_change,Grade change: Beverly Cleary 6–8 to Beaumont MS; Attendance boundary changes
Boise-Eliot Elementary School,elementary,Regular School,833.0,411004000876.0,620 N Fremont,Portland,97227,45.5479,-122.6727,False,,True,False,,16885000.0,targeted,DBRAC 2018,,False,,False,,,,1926.0,61369.0,LRCW,651.0,0.4531,,,False,False,,,,,,,,,,,,,,,,313.0,295.0,-0.0575,310.0,325.0,329.0,323.0,326.0,307.0,326.0,19.9,14.8,23.6,21.6,154.0,152.0,43.0,100.0,91.0,21.0,13.0,56.0,129.0,0.0441,0.1898,23.0,13.96,23.0,13.35,70.0,3.05,0.4857,0.9571,False,1.0,0.0,0.0,0.25,126.0,188.0,321.0,232.0,0.0,159.0,0.7117,0.7117,0.4877,0.00678,0.01017,0.0,0.41356,0.19661,0.2339,0.13898,2291,282,104,7,763,157,9041.8,294.0,310.0,314.0,333.0,324.0,322.0,308.0,292.0,279.0,267.0,265.0,-0.0986394557823129,247.0,295.0,program_change,Program move: MLK Jr. to Boise-Eliot/Humboldt,program_change,Program move: MLK Jr. to Boise-Eliot/Humboldt
Bridger Creative Science School,k8,Regular School,834.0,411004000877.0,7910 SE Market St,Portland,97215,45.5106,-122.5821,False,,False,False,,0.0,full,SEGC 2023,Creative Science focus,False,,True,,,,1955.0,50595.0,Masonry,561.0,0.795,561.4,0.7944,False,False,,,699.0,26.0,871.0,1.0,0.0,1.0,1.0,,,False,False,,Only the stage is sprinklered.,474.0,446.0,-0.0591,504.0,515.0,515.0,335.0,329.0,514.0,329.0,55.5,42.9,52.9,37.4,277.0,276.0,78.0,70.0,52.0,23.0,79.0,69.0,78.0,0.1771,0.1547,22.0,15.05,29.0,17.72,,,,,,1.0,0.5,0.0,0.25,73.0,116.0,331.0,215.0,0.0,55.0,0.6535,0.6535,0.1672,0.00897,0.06502,0.00673,0.03363,0.09417,0.69507,0.09641,0,60,20,1,140,17,2294.2,446.0,449.0,450.0,444.0,440.0,421.0,415.0,418.0,418.0,411.0,403.0,-0.0964125560538116,375.0,449.0,program_change,Grade change: Bridger Creative Science 6–8 to Harrison Park MS,program_change,Grade change: Bridger Creative Science 6–8 to Harrison Park MS
Bridlemile Elementary School,elementary,Regular School,835.0,411004000878.0,4300 SW 47th Dr,Portland,97221,45.4918,-122.7243,False,,False,False,25000.0,11450000.0,targeted,,,False,,False,,,,1958.0,58057.0,Wood,645.0,0.6558,618.0,0.6845,False,False,,,741.0,27.0,967.0,0.0,1.0,1.0,1.0,0.0,MECP - DDSD (Classroom),False,False,,Only the stage is sprinklered.,418.0,423.0,0.012,518.0,508.0,437.0,435.0,458.0,446.0,458.0,77.9,73.7,76.4,71.2,213.0,213.0,84.0,88.0,86.0,20.0,21.0,63.0,36.0,0.0496,0.1489,25.0,17.4,25.0,17.84,61.0,1.5,0.7705,0.918,True,1.0,0.0,0.0,0.25,15.0,102.0,435.0,54.0,6.0,21.0,0.1179,0.131,0.0459,0.00473,0.03783,0.0,0.0331,0.09456,0.70922,0.12057,97,0,0,0,23,23,3836.3,423.0,413.0,414.0,409.0,409.0,417.0,408.0,405.0,399.0,391.0,386.0,-0.0874704491725768,359.0,430.0,,,,
Buckman Elementary School,elementary,Regular School,837.0,411004000880.0,320 SE 16th Ave,Portland,97214,45.5204,-122.649,False,,True,True,19750000.0,21350000.0,targeted,,Arts focus,False,,True,,,,1921.0,82023.0,LRCW,654.0,0.4327,654.0,0.4327,False,False,,,771.0,31.0,742.0,0.0,2.0,0.0,2.0,,,False,True,2027.0,"Standard Q sprinkler option: Corridors, stairwells, and exit pathways",306.0,283.0,-0.0752,450.0,427.0,448.0,400.0,395.0,371.0,395.0,54.0,44.0,54.9,46.4,176.0,175.0,73.0,86.0,85.0,15.0,11.0,81.0,56.0,0.0389,0.2862,23.0,17.39,23.0,16.13,52.0,1.1,0.9423,1.0,False,1.0,0.5,0.0,0.25,138.0,129.0,400.0,257.0,0.0,69.0,0.6506,0.6506,0.1747,0.01413,0.02473,0.00353,0.04594,0.13781,0.62544,0.14841,2743,160,25,7,869,37,23560.6,283.0,263.0,244.0,245.0,248.0,246.0,239.0,233.0,231.0,225.0,222.0,-0.215547703180212,207.0,247.0,closes,Closes,closes,Closes
Capitol Hill Elementary School,elementary,Regular School,838.0,411004000881.0,8401 SW 17th Ave,Portland,97219,45.4643,-122.6957,False,,False,True,3430000.0,10570000.0,planned_targeted,,,False,,False,,,,1917.0,46379.0,Wood,456.0,0.7215,456.0,0.7215,False,False,,,537.0,20.0,880.0,0.0,1.0,1.0,1.0,,,False,False,,,323.0,329.0,0.0186,443.0,416.0,346.0,324.0,333.0,361.0,333.0,67.5,62.1,64.0,60.2,160.0,161.0,85.0,100.0,84.0,23.5,11.0,26.0,20.0,0.0334,0.079,18.0,17.94,17.0,21.24,64.0,0.0,0.875,1.0,False,1.0,0.5,0.0,0.25,3.0,90.0,323.0,51.0,6.0,29.0,0.1532,0.1712,0.0871,0.0,0.0304,0.0,0.02432,0.11854,0.70213,0.12462,553,100,40,1,120,94,11221.9,325.0,319.0,310.0,301.0,306.0,319.0,311.0,308.0,301.0,292.0,286.0,-0.12,266.0,318.0,boundary,Attendance boundary changes,,
Chapman Elementary School,elementary,Regular School,839.0,411004000882.0,1445 NW 26th Ave,Portland,97210,45.5332,-122.7055,False,,True,False,,14320000.0,targeted,,,False,,False,,,,1923.0,59969.0,LRCW,618.0,0.5388,585.9,0.5684,True,False,PPS's 2021 Long-Range Facility Plan and its operational utilization model report different capacities for this building. Both figures are PPS's own.,,705.0,28.0,813.0,0.0,2.0,0.0,1.0,,,False,True,2027.0,,353.0,333.0,-0.0567,484.0,484.0,375.0,341.0,350.0,344.0,350.0,45.5,39.8,49.3,40.0,171.0,169.0,63.0,68.0,88.0,22.0,20.0,39.0,85.0,0.0601,0.1171,21.0,16.24,19.0,18.11,44.0,1.0,0.8409,0.9773,True,1.5,0.0,0.0,0.25,48.0,158.0,341.0,227.0,0.0,100.0,0.6486,0.6486,0.2857,0.02102,0.05405,0.00901,0.09309,0.17417,0.46547,0.18318,12730,852,103,10,1693,44,45301.9,330.0,336.0,316.0,338.0,333.0,324.0,333.0,327.0,318.0,300.0,295.0,-0.106060606060606,275.0,328.0,,,,
Clark Elementary School,elementary,Regular School,5817.0,,1231 SE 92nd Ave,Portland,97216,45.5133327,-122.5706442,False,,True,False,,0.0,,SEGC 2023,Chinese DLI,True,Chinese,False,91.0,272.0,0.25,,,,495.0,0.7333,468.0,0.7756,True,True,PPS's 2021 Long-Range Facility Plan and its operational utilization model report different capacities for this building. Both figures are PPS's own.,,630.0,23.0,931.0,0.0,0.0,1.0,1.0,,,False,False,,Only the stage is sprinklered.,330.0,363.0,0.1,,,,,,,,22.9,20.2,25.5,26.8,177.0,175.0,61.0,87.0,-1.0,20.5,,,,,,,,,,,,,,,,,,,,,,,,,,,,0.00826,0.24518,0.0854,0.1708,0.15978,0.21763,0.11295,419,0,0,0,157,66,6775.8,364.0,363.0,360.0,355.0,356.0,350.0,343.0,338.0,333.0,326.0,323.0,-0.1126373626373626,301.0,360.0,program_change,Program move: Mandarin: Clark to Woodstock,program_change,Program move: Mandarin: Clark to Woodstock
Cleveland High School,high,Regular School,909.0,411004000958.0,3400 SE 26th Ave,Portland,97202,45.4985,-122.6391,False,,False,False,,0.0,targeted,,,False,,False,115.0,1336.0,0.0793,1928.0,251892.0,LRCW,1859.0,0.7805,1859.0,0.7805,False,False,,,2232.0,83.0,815.0,6.0,7.0,6.0,6.0,0.0,Multnomah County (Health Clinic),False,False,,"Standard Q sprinkler option: Corridors, stairwells, and exit pathways",1421.0,1451.0,0.0211,1649.0,1559.0,1582.0,1625.0,1547.0,1472.0,1547.0,67.2,41.5,64.6,46.7,260.0,183.0,66.0,91.0,87.0,27.0,23.0,187.0,610.0,0.0159,0.1289,80.0,20.24,76.0,19.37,200.0,3.4,0.44,0.86,True,5.5,1.0,0.0,1.0,56.0,678.0,1619.0,226.0,36.0,111.0,0.1461,0.1694,0.0718,0.00207,0.06685,0.00207,0.0317,0.07994,0.70503,0.11234,4200,544,128,11,2257,725,59331.8,1451.0,1418.0,1460.0,1467.0,1419.0,1403.0,1318.0,1231.0,1179.0,1139.0,1127.0,-0.2232942798070296,1049.0,1255.0,boundary,Attendance boundary changes,boundary,Attendance boundary changes
César Chávez K-8 School,k8,Regular School,841.0,411004000884.0,5103 N Willis Blvd,Portland,97203,45.5844,-122.7195,False,,True,False,,18499250.0,targeted,,Spanish DLI,True,Spanish,False,300.0,143.0,0.6772,1928.0,75814.0,LRCW,589.0,0.7521,,,False,False,,,,,,,,,,,,,,,,453.0,443.0,-0.0221,550.0,549.0,543.0,490.0,466.0,481.0,466.0,20.9,13.0,21.0,11.2,305.0,302.0,65.0,64.0,75.0,20.0,192.0,68.0,198.0,0.4334,0.1535,35.0,13.91,35.0,13.74,79.0,2.1,0.6456,0.9114,False,2.0,0.0,0.0,0.25,427.0,270.0,487.0,301.0,0.0,167.0,0.6459,0.6459,0.3584,0.00226,0.02032,0.01129,0.11964,0.63883,0.15576,0.05192,295,58,30,1,65,41,1679.7,443.0,424.0,413.0,403.0,404.0,405.0,392.0,387.0,386.0,380.0,376.0,-0.1512415349887133,350.0,419.0,program_change,"Program move: Spanish: Beach, James John, and Sitton to Cesar Chavez; Program move: Chavez 6–8 and Ockley Green MS to George MS; Grade change: Chavez 6-8 to George",program_change,"Program move: Spanish: Beach, James John, and Sitton to Cesar Chavez; Program move: Chavez 6–8 and Ockley Green MS to George MS; Grade change: Chavez 6-8 to George"
Dr. Martin Luther King Jr. School,elementary,Regular School,866.0,411004000911.0,4906 NE 6th Ave,Portland,97211,45.5581,-122.659,False,,True,False,,21200000.0,targeted,DBRAC 2018,Chinese DLI,True,Chinese,False,193.0,126.0,0.605,1925.0,88957.0,LRCW,635.0,0.5024,,,False,False,,,,,,,,,,,,,,,,312.0,319.0,0.0224,311.0,321.0,319.0,297.0,302.0,305.0,302.0,39.3,34.5,40.6,34.4,145.0,145.0,67.0,80.0,87.0,20.0,52.0,38.0,98.0,0.163,0.1191,22.0,13.5,22.0,13.86,91.0,1.4,0.8242,0.978,False,1.5,0.0,0.0,0.25,18.0,104.0,297.0,220.0,0.0,99.0,0.7285,0.7285,0.3278,0.0,0.04702,0.00627,0.31348,0.19436,0.24138,0.19749,543,52,0,1,63,47,3162.6,319.0,314.0,337.0,343.0,346.0,350.0,337.0,330.0,320.0,307.0,303.0,-0.0501567398119122,282.0,337.0,program_change,Program move: MLK Jr. to Boise-Eliot/Humboldt; Attendance boundary changes,program_change,Program move: MLK Jr. to Boise-Eliot/Humboldt; Attendance boundary changes
Duniway Elementary School,elementary,Regular School,844.0,411004000887.0,7700 SE Reed College Pl,Portland,97202,45.4687,-122.6289,False,,False,False,420000.0,14610000.0,targeted,,,False,,False,,,,1926.0,67492.0,LRCW,552.0,0.6558,552.0,0.6558,False,False,,,714.0,27.0,846.0,0.0,3.0,1.0,2.0,0.0,Duniway After Care (Preschool),False,True,2027.0,"Standard Q sprinkler option: Corridors, stairwells, and exit pathways",387.0,362.0,-0.0646,504.0,511.0,467.0,436.0,422.0,409.0,422.0,70.1,71.9,69.1,67.6,211.0,210.0,88.0,94.0,87.0,27.5,12.0,65.0,30.0,0.0331,0.1796,20.0,21.8,19.0,21.53,47.0,2.1,0.7234,0.9787,True,1.0,0.5,0.0,0.25,3.0,90.0,436.0,37.0,4.0,22.0,0.0877,0.0972,0.0521,0.00829,0.01381,0.00276,0.0,0.05525,0.77624,0.14365,326,0,0,0,99,66,5004.6,362.0,362.0,338.0,347.0,344.0,348.0,345.0,340.0,337.0,329.0,325.0,-0.1022099447513812,303.0,362.0,boundary,Attendance boundary changes,,
Emerson School,elementary,Charter School,3991.0,411004001581.0,105 NW Park Ave,Portland,97209,45.52394,-122.679421,False,,False,False,,,,,,False,,False,,,,,,,,,,,False,False,,,,,,,,,,,,,,,,130.0,138.0,0.0615,140.0,143.0,138.0,124.0,106.0,134.0,106.0,66.7,54.8,61.5,56.9,64.0,63.0,79.0,72.0,85.0,21.0,1.0,16.0,5.0,0.0072,0.1159,8.0,15.5,7.0,19.14,,,,,,0.0,0.0,0.0,0.0,0.0,27.0,124.0,,,,,,,0.0,0.00725,0.01449,0.03623,0.14493,0.63043,0.16667,13905,903,100,10,1985,32,42480.4,,,,,,,,,,,,,,,,,,
Faubion Elementary School,k8,Regular School,847.0,411004000890.0,2930 NE Dekum St,Portland,97211,45.570756,-122.634699,False,,True,False,,0.0,full,DBRAC 2018,,False,,False,,,,1950.0,57846.0,Wood,710.0,0.8451,685.8,0.8749,False,False,,,1194.0,44.0,926.0,3.0,2.0,1.0,1.0,0.0,Albina Early Head Start (Early Head Start); Basics LLC (Food Pantry),False,False,,Stage only. Confirm coverage.,585.0,600.0,0.0256,678.0,701.0,701.0,626.0,610.0,570.0,610.0,22.9,16.5,20.8,16.4,388.0,380.0,56.0,78.0,84.0,23.0,100.0,123.0,269.0,0.1667,0.205,37.0,16.84,43.0,13.26,153.0,2.8,0.5229,0.8366,True,3.0,0.0,0.0,0.25,186.0,314.0,623.0,443.0,0.0,225.0,0.7262,0.7262,0.3689,0.01167,0.01333,0.035,0.225,0.29333,0.27167,0.15,108,97,4,2,516,50,6380.5,600.0,627.0,618.0,606.0,606.0,606.0,602.0,589.0,583.0,572.0,558.0,-0.07,520.0,621.0,program_change,Grade change: Faubion 6–8 to Ockley Green MS; Attendance boundary changes,program_change,Grade change: Faubion 6–8 to Ockley Green MS; Attendance boundary changes
Franklin High School,high,Regular School,911.0,411004000960.0,5405 SE Woodward St,Portland,97206,45.502271,-122.606886,False,,False,False,,0.0,full,,,False,,False,202.0,1575.0,0.1135,1915.0,237027.0,URM,1744.0,1.0189,1744.2,1.0188,False,False,,,2151.0,79.0,832.0,10.0,5.0,6.0,5.0,0.0,Multnomah County (Health Clinic); Albina Early Head Start (Teen Parent Services),False,False,,Confirm coverage. Standard q note in matrix.,1807.0,1777.0,-0.0166,1851.0,1932.0,1999.0,2009.0,1966.0,1811.0,1966.0,49.0,16.7,50.6,21.9,292.0,247.0,57.0,89.0,88.0,24.0,118.0,250.0,-1.0,0.0664,0.1407,107.0,18.72,102.0,17.75,185.0,6.25,0.2283,0.4674,True,7.0,2.0,0.0,1.0,179.0,982.0,2003.0,620.0,100.0,300.0,0.3154,0.3662,0.1526,0.00338,0.10411,0.01294,0.04277,0.19809,0.53348,0.10523,2989,534,175,9,1424,598,44351.4,1780.0,1725.0,1689.0,1607.0,1567.0,1530.0,1492.0,1424.0,1338.0,1296.0,1276.0,-0.2831460674157303,1188.0,1421.0,boundary,Attendance boundary changes,boundary,Attendance boundary changes
George Middle School,middle,Regular School,849.0,411004000893.0,10000 N Burr,Portland,97203,45.5961,-122.7367,False,,True,True,11175000.0,13512500.0,,,Spanish DLI,True,Spanish,False,109.0,247.0,0.3045,1950.0,78713.0,URM,617.0,0.577,616.5,0.5775,False,False,,,867.0,32.0,851.0,3.0,1.0,0.0,1.0,0.0,Multnomah County? (Health Clinic),True,False,,,400.0,356.0,-0.11,421.0,439.0,431.0,390.0,387.0,364.0,387.0,25.4,14.1,19.2,10.9,373.0,376.0,53.0,67.0,76.0,24.0,81.0,101.0,214.0,0.2275,0.2837,28.0,13.89,30.0,12.13,68.0,3.5,0.3676,0.8529,True,2.0,1.0,0.0,0.25,492.0,224.0,389.0,249.0,0.0,131.0,0.6434,0.6434,0.3385,0.00281,0.03371,0.00843,0.16292,0.46629,0.19663,0.12921,2841,0,0,0,275,247,11401.7,358.0,377.0,391.0,405.0,402.0,396.0,390.0,387.0,380.0,385.0,388.0,0.0837988826815642,348.0,414.0,program_change,Program move: Chavez 6–8 and Ockley Green MS to George MS; Grade change: Chavez 6-8 to George; Attendance boundary changes,program_change,Program move: Chavez 6–8 and Ockley Green MS to George MS; Grade change: Chavez 6-8 to George; Attendance boundary changes
Glencoe Elementary School,elementary,Regular School,850.0,411004000894.0,825 SE 51st Ave,Portland,97215,45.5172,-122.6108,False,,False,False,241000.0,12533500.0,targeted,,,False,,False,,,,1923.0,63482.0,LRCW,600.0,0.5683,600.0,0.5683,False,False,,,681.0,27.0,853.0,0.0,0.0,1.0,1.0,,,False,True,2027.0,,357.0,341.0,-0.0448,451.0,449.0,396.0,374.0,394.0,372.0,394.0,78.6,75.0,67.9,65.2,196.0,196.0,84.0,100.0,82.0,23.0,13.0,73.0,3.0,0.0381,0.2141,22.0,16.95,20.0,18.6,57.0,1.0,0.9474,0.9649,True,1.0,0.0,0.0,0.25,15.0,68.0,373.0,65.0,7.0,38.0,0.165,0.1827,0.0964,0.0,0.01466,0.0,0.04985,0.10557,0.74194,0.08798,941,0,0,0,245,78,8080.5,339.0,326.0,311.0,292.0,295.0,301.0,296.0,290.0,283.0,274.0,269.0,-0.2064896755162241,250.0,300.0,program_change,Program move: Creston Deaf and Hard of Hearing to Glencoe,program_change,Program move: Creston Deaf and Hard of Hearing to Glencoe
Grant High School,high,Regular School,912.0,411004000962.0,2245 NE 36th Ave,Portland,97212,45.539,-122.6268,False,,False,False,,0.0,full,,,False,,False,265.0,1809.0,0.1278,1923.0,269350.0,URM,1686.0,1.2301,1685.5,1.2305,False,False,,,2352.0,86.0,946.0,14.0,1.0,0.0,3.0,0.0,AT&T? (Cell Tower); Albina Early Head Start (Teen Parent Services),False,False,,Confirm coverage. Standard q note in matrix.,2149.0,2074.0,-0.0349,1636.0,1811.0,1966.0,2124.0,2156.0,2179.0,2156.0,71.4,46.7,76.3,40.4,422.0,408.0,64.0,93.0,91.0,28.0,11.0,155.0,429.0,0.0053,0.0747,93.0,22.83,102.0,21.36,183.0,5.8,0.0601,0.5082,True,7.0,1.0,0.0,1.0,97.0,816.0,2123.0,267.0,36.0,91.0,0.1238,0.1405,0.0422,0.00193,0.02507,0.00145,0.06075,0.08582,0.66779,0.15718,903,350,163,2,357,91,12610.9,2074.0,2015.0,1935.0,1822.0,1713.0,1576.0,1487.0,1394.0,1332.0,1263.0,1237.0,-0.4035679845708775,1152.0,1377.0,,,,
Gray Middle School,middle,Regular School,852.0,411004000896.0,5505 SW 23rd Ave,Portland,97239,45.4824,-122.7013,False,,False,False,,10187500.0,,,,False,,False,,,,1952.0,60624.0,Wood,622.0,0.6945,622.2,0.6943,False,False,,,747.0,27.0,917.0,4.0,2.0,4.0,1.0,,,False,False,,Sprinklers are limited to lower level music and shop area classrooms,439.0,432.0,-0.0159,542.0,568.0,509.0,478.0,483.0,471.0,483.0,70.7,57.3,71.7,55.2,444.0,439.0,69.0,95.0,83.0,28.0,11.0,74.0,133.0,0.0255,0.1713,24.0,19.83,23.0,20.48,61.0,2.1,0.6721,0.9344,True,2.0,0.0,0.0,0.25,138.0,146.0,476.0,95.0,5.0,33.0,0.1967,0.207,0.0683,0.00694,0.03009,0.00231,0.03935,0.11111,0.69907,0.11111,546,0,0,0,214,112,11174.7,432.0,431.0,427.0,412.0,403.0,376.0,368.0,359.0,379.0,396.0,398.0,-0.0787037037037037,357.0,425.0,boundary,Attendance boundary changes,boundary,Attendance boundary changes
Grout Elementary School,elementary,Regular School,854.0,411004000898.0,3119 SE Holgate Blvd,Portland,97202,45.490972,-122.633139,False,,True,False,,18444500.0,,,,False,,False,,,,1927.0,65838.0,LRCW,510.0,0.6412,510.1,0.6411,False,False,,,702.0,28.0,759.0,0.0,1.0,1.0,1.0,0.0,MECP - DDSD (Office),False,True,2027.0,"Standard Q sprinkler option: Corridors, stairwells, and exit pathways",295.0,327.0,0.1085,382.0,370.0,350.0,341.0,316.0,302.0,316.0,56.2,53.1,50.0,50.6,150.0,149.0,65.0,78.0,83.0,19.0,47.0,68.0,70.0,0.1437,0.208,20.0,17.0,18.0,16.78,45.0,3.3,0.3556,0.9556,True,1.0,1.0,0.0,0.25,111.0,113.0,340.0,220.0,0.0,72.0,0.6962,0.6962,0.2278,0.00917,0.09786,0.02446,0.0581,0.17125,0.49847,0.14067,512,286,100,2,249,112,8612.2,327.0,306.0,303.0,300.0,297.0,285.0,280.0,275.0,267.0,260.0,255.0,-0.2201834862385321,237.0,284.0,,,,
Harriet Tubman Middle School,middle,Regular School,894.0,411004001315.0,2231 N Flint,Portland,97227,45.539001,-122.668809,False,,True,False,,11317500.0,targeted,DBRAC 2018,Chinese DLI,True,Chinese,False,48.0,355.0,0.1194,1954.0,94775.0,Concrete,732.0,0.5505,,,False,False,,,,,,,,,,,,,,,,329.0,403.0,0.2249,491.0,429.0,444.0,387.0,360.0,321.0,360.0,46.8,45.2,37.2,32.4,314.0,309.0,64.0,93.0,79.0,22.0,27.0,66.0,161.0,0.067,0.1638,30.0,12.87,24.0,13.38,78.0,2.6,0.5974,0.961,True,2.0,0.5,0.0,0.25,162.0,189.0,386.0,233.0,0.0,75.0,0.6472,0.6472,0.2083,0.00744,0.02233,0.0,0.25062,0.15633,0.43176,0.13151,3792,600,202,12,941,273,21993.0,402.0,440.0,457.0,414.0,389.0,368.0,374.0,377.0,386.0,391.0,381.0,-0.0522388059701492,342.0,407.0,program_change,Grade change: Vernon 6–8 to Harriet Tubman MS; Attendance boundary changes,program_change,Grade change: Vernon 6–8 to Harriet Tubman MS; Attendance boundary changes
Harrison Park School,middle,Regular School,842.0,411004000885.0,2225 SE 87th Ave,Portland,97216,45.506762,-122.574963,False,,True,False,,13182500.0,targeted,SEGC 2023,Chinese DLI,True,Chinese,False,111.0,309.0,0.2649,1949.0,109059.0,Wood,1006.0,0.4175,890.4,0.4717,True,False,PPS's 2021 Long-Range Facility Plan and its operational utilization model report different capacities for this building. Both figures are PPS's own.,,1128.0,41.0,939.0,4.0,1.0,2.0,2.0,0.0,Multnomah County (Health Clinic),,False,,Confirm coverage,372.0,420.0,0.129,659.0,637.0,596.0,545.0,573.0,321.0,573.0,48.8,40.5,50.9,33.2,380.0,383.0,77.0,74.0,66.0,22.5,195.0,101.0,90.0,0.4643,0.2405,41.0,12.83,24.0,13.38,82.0,,,,True,2.0,1.0,0.0,0.25,156.0,297.0,526.0,377.0,0.0,231.0,0.6579,0.6579,0.4031,0.00238,0.2119,0.03333,0.12619,0.14762,0.35714,0.12143,784,200,76,4,539,251,17168.8,419.0,442.0,427.0,416.0,419.0,400.0,417.0,409.0,434.0,434.0,437.0,0.0429594272076372,392.0,466.0,program_change,Grade change: Bridger Creative Science 6–8 to Harrison Park MS; Attendance boundary changes,program_change,Grade change: Bridger Creative Science 6–8 to Harrison Park MS; Attendance boundary changes
Hayhurst Elementary School,elementary,Regular School,855.0,411004000899.0,5037 SW Iowa St,Portland,97221,45.4804,-122.729,False,,False,True,520000.0,5147500.0,full,,,False,,False,,,,1954.0,56266.0,Wood,546.0,0.5311,546.0,0.5311,False,False,,"Enrollment and utilization use PPS's own count for Hayhurst alone. State and federal data still report Odyssey's students under Hayhurst, even though Odyssey has been in the East Sylvan building since fall 2016, so Hayhurst's demographics, free-lunch, test-score, attendance, staffing, and discipline figures include Odyssey.",630.0,23.0,906.0,2.0,0.0,0.0,1.0,,,False,False,,Only the stage is sprinklered.,314.0,290.0,-0.0764,390.0,396.0,380.0,351.0,349.0,335.0,575.0,67.3,61.6,69.2,63.2,319.0,315.0,77.0,88.0,81.0,24.0,23.0,90.0,54.0,0.0453,0.1772,41.0,13.93,32.0,17.56,40.0,0.95,0.725,0.95,True,2.0,0.0,0.0,0.5,67.0,170.0,571.0,226.0,0.0,56.0,0.393,0.393,0.0974,0.00591,0.02756,0.00394,0.04134,0.09843,0.66929,0.15354,273,0,0,0,52,42,3894.7,290.0,283.0,274.0,270.0,266.0,263.0,266.0,264.0,262.0,256.0,252.0,-0.1310344827586207,235.0,281.0,boundary,Attendance boundary changes,boundary,Attendance boundary changes
Hosford Middle School,middle,Regular School,858.0,411004000902.0,2303 SE 28th Pl,Portland,97214,45.5062,-122.6371,False,,False,False,,18620000.0,targeted,,,False,,False,,,,1925.0,77050.0,LRCW,696.0,0.7586,696.1,0.7585,False,False,,,849.0,33.0,774.0,3.0,1.0,1.0,1.0,,,False,False,,1 sprinkler head in wood shop,537.0,528.0,-0.0168,588.0,651.0,675.0,630.0,566.0,517.0,566.0,66.0,51.2,54.3,44.0,520.0,522.0,75.0,92.0,80.0,28.0,29.0,118.0,109.0,0.0549,0.2235,34.0,18.41,25.0,20.68,67.0,2.6,0.6866,0.9552,True,3.0,0.0,0.0,0.25,143.0,195.0,626.0,134.0,21.0,65.0,0.2367,0.2739,0.1148,0.00379,0.05114,0.00758,0.02652,0.10606,0.69697,0.10795,3381,714,129,12,1634,338,45676.3,528.0,522.0,482.0,445.0,390.0,375.0,374.0,376.0,371.0,371.0,370.0,-0.2992424242424242,332.0,395.0,program_change,Grade change: Sunnyside Environmental 6–8 to Hosford MS; Attendance boundary changes,program_change,Grade change: Sunnyside Environmental 6–8 to Hosford MS; Attendance boundary changes
Ida B. Wells-Barnett High School,high,Regular School,922.0,411004000975.0,1151 SW Vermont St,Portland,97219,45.477443,-122.689848,False,,False,False,,0.0,targeted,,,False,,False,,,,1954.0,326062.0,Concrete,1872.0,0.8408,,,False,False,,,,,,,,,,,,,,,,1650.0,1574.0,-0.0461,1534.0,1554.0,1540.0,1598.0,1556.0,1650.0,1556.0,54.8,30.1,36.5,22.2,291.0,260.0,62.0,83.0,87.0,27.0,28.0,165.0,566.0,0.0178,0.1048,80.0,19.86,81.0,20.37,190.0,2.8,0.5211,0.8526,True,6.0,1.0,0.0,1.0,190.0,688.0,1589.0,191.0,29.0,91.0,0.1228,0.1414,0.0585,0.0,0.02922,0.00572,0.04765,0.09085,0.71347,0.11309,1188,472,277,5,774,380,35150.6,1574.0,1555.0,1524.0,1513.0,1486.0,1488.0,1457.0,1400.0,1308.0,1266.0,1222.0,-0.2236340533672172,1138.0,1361.0,,,,
Jackson Middle School,middle,Regular School,1277.0,411004001365.0,10625 SW 35th,Portland,97219,45.448557,-122.714215,False,,False,False,,30170000.0,targeted,,,False,,False,,,,1966.0,247779.0,Concrete,908.0,0.7577,930.8,0.7391,False,False,,,1125.0,42.0,840.0,6.0,4.0,1.0,2.0,0.0,MECP - DDSD (Office & Speech); MECP - DDSD (Preschool),False,False,,Boiler room and shop building sprinkled. Kitchen grease hood sprinkled.,715.0,688.0,-0.0378,747.0,793.0,803.0,753.0,791.0,710.0,791.0,66.5,56.3,63.5,57.8,699.0,695.0,76.0,91.0,89.0,29.0,18.0,117.0,170.0,0.0262,0.1701,35.0,21.49,36.0,19.72,145.0,2.5,0.5862,0.8759,True,3.5,0.0,0.0,0.25,171.0,237.0,752.0,174.0,29.0,74.0,0.22,0.2566,0.0936,0.00291,0.01744,0.01017,0.05523,0.11337,0.65698,0.1439,642,472,277,5,560,268,23975.9,689.0,683.0,661.0,659.0,623.0,549.0,515.0,513.0,545.0,549.0,544.0,-0.2104499274310595,488.0,580.0,boundary,Attendance boundary changes,boundary,Attendance boundary changes
James John Elementary School,elementary,Regular School,862.0,411004000906.0,7439 N Charleston Ave,Portland,97203,45.5904,-122.752,False,,True,True,1020000.0,18000000.0,targeted,,Spanish DLI,True,Spanish,False,133.0,231.0,0.3644,1929.0,63697.0,LRCW,513.0,0.7096,513.0,0.7096,False,False,,,681.0,27.0,760.0,0.0,1.0,0.0,1.0,,,False,True,2027.0,,367.0,364.0,-0.0082,347.0,351.0,318.0,332.0,337.0,349.0,337.0,32.8,23.4,27.4,27.7,181.0,179.0,62.0,85.0,86.0,22.0,73.0,73.0,75.0,0.2005,0.2005,26.0,12.77,25.0,13.96,49.0,1.4,0.6939,0.9592,True,1.0,0.5,0.0,0.25,147.0,146.0,332.0,221.0,0.0,102.0,0.6558,0.6558,0.3027,0.00824,0.01374,0.00275,0.07692,0.47802,0.31868,0.10165,456,0,0,0,185,161,6519.3,365.0,361.0,359.0,366.0,369.0,354.0,352.0,348.0,340.0,333.0,328.0,-0.1013698630136986,305.0,365.0,closes,"Closes; Program move: Spanish: Beach, James John, and Sitton to Cesar Chavez",closes,"Closes; Program move: Spanish: Beach, James John, and Sitton to Cesar Chavez"
Jefferson High School,high,Regular School,913.0,411004000964.0,5210 N Kerby Ave,Portland,97217,45.560536,-122.671936,False,,True,False,,0.0,,,,False,,False,14.0,376.0,0.0358,1909.0,360911.0,URM,1817.0,0.2146,1816.8,0.2147,False,False,,,2352.0,84.0,968.0,1.0,2.0,0.0,10.0,3.0,DEQ (Air Monitors); Multnomah County (Health Clinic); SEI (Student Support),False,False,,"Main building, auditorium, and TV studio fully sprinkled. Auto shop & new gym not sprinkled.",456.0,390.0,-0.1447,653.0,639.0,620.0,593.0,606.0,525.0,606.0,22.2,14.6,13.0,8.0,91.0,82.0,37.0,78.0,79.0,19.0,40.0,75.0,247.0,0.1026,0.1923,41.0,14.34,41.0,12.8,233.0,1.6,0.7725,0.9571,True,2.5,1.25,0.0,1.0,168.0,414.0,588.0,391.0,0.0,177.0,0.6452,0.6452,0.2921,0.00513,0.01795,0.00769,0.44615,0.20256,0.18462,0.1359,4089,339,80,7,1037,325,20649.4,391.0,422.0,564.0,805.0,981.0,1158.0,1183.0,1178.0,1173.0,1159.0,1175.0,2.0051150895140664,1094.0,1308.0,boundary,Attendance boundary changes,boundary,Attendance boundary changes
Kairos PDX,elementary,Charter School,5218.0,411004001830.0,3635 N Williams,Portland,97227,45.549357,-122.66733,False,,True,False,,,,,,False,,False,,,,,,,,,,,False,False,,,,,,,,,,,,,,,,226.0,178.0,-0.2124,171.0,216.0,223.0,219.0,245.0,242.0,245.0,23.7,19.6,35.4,23.2,97.0,97.0,68.0,79.0,72.0,17.0,4.0,33.0,72.0,0.0225,0.1854,19.0,11.58,18.0,13.44,,,,,,1.0,0.0,0.0,0.0,6.0,70.0,220.0,75.0,5.0,58.0,0.3061,0.3265,0.2367,0.0,0.01124,0.01124,0.6573,0.10112,0.04494,0.17416,4153,516,156,12,1032,241,17981.3,,,,,,,,,,,,,,,,,,
Kellogg Middle School,middle,Regular School,863.0,411004001922.0,3330 SE 69th,Portland,97206,45.498264,-122.591499,False,,True,False,,0.0,full,SEGC 2023,Spanish DLI,True,Spanish,False,201.0,332.0,0.3785,1913.0,94592.0,Concrete,803.0,0.6638,732.0,0.7281,True,False,PPS's 2021 Long-Range Facility Plan and its operational utilization model report different capacities for this building. Both figures are PPS's own.,,945.0,34.0,892.0,6.0,2.0,0.0,1.0,,,False,False,,"Confirm coverage. Stage, north gym storerooms and mechanical sprinkled.",592.0,533.0,-0.0997,,,,691.0,658.0,677.0,658.0,46.8,35.1,41.3,29.2,586.0,582.0,65.0,89.0,72.0,25.0,,,,,,44.0,15.7,42.0,16.12,,,,,,3.0,1.0,0.0,0.25,257.0,280.0,691.0,435.0,0.0,122.0,0.6611,0.6611,0.1854,0.0,0.08068,0.01501,0.04315,0.34522,0.41839,0.09756,1072,64,29,1,295,174,10176.3,531.0,514.0,513.0,493.0,470.0,450.0,471.0,482.0,506.0,525.0,532.0,0.0018832391713747,477.0,568.0,boundary,Attendance boundary changes,boundary,Attendance boundary changes
Kelly Elementary School,elementary,Regular School,864.0,411004000909.0,9030 SE Cooper St,Portland,97266,45.4729,-122.5704,False,,True,True,1925000.0,8745000.0,planned_targeted,,Russian DLI,True,Russian,False,143.0,268.0,0.3479,1952.0,82895.0,Wood,670.0,0.6134,669.6,0.6138,False,False,,,822.0,30.0,927.0,0.0,1.0,1.0,1.0,,,False,False,,,385.0,411.0,0.0675,498.0,476.0,424.0,381.0,355.0,377.0,355.0,29.7,29.0,28.6,19.9,200.0,198.0,54.0,88.0,82.0,22.0,181.0,66.0,140.0,0.4404,0.1606,31.0,12.13,26.0,14.5,71.0,3.0,0.4648,0.8169,True,2.0,0.0,0.0,0.23,81.0,218.0,376.0,296.0,0.0,116.0,0.8338,0.8338,0.3268,0.0073,0.09732,0.0146,0.10949,0.22871,0.47445,0.06813,400,30,30,1,70,31,3680.3,411.0,412.0,402.0,402.0,403.0,394.0,391.0,388.0,382.0,374.0,372.0,-0.0948905109489051,346.0,414.0,boundary,Attendance boundary changes,boundary,Attendance boundary changes
Lane Middle School,middle,Regular School,1243.0,411004000912.0,7200 SE 60th Ave,Portland,97206,45.4713,-122.6016,False,,True,False,,17940000.0,,SEGC 2023,Russian DLI,True,Russian,False,36.0,414.0,0.0805,1927.0,87438.0,LRCW,770.0,0.5844,769.5,0.5848,False,False,,,1041.0,40.0,774.0,3.0,3.0,1.0,1.0,0.0,Multnomah County (Office),False,False,,"Standard Q sprinkler option: Corridors, stairwells, and exit pathways",417.0,450.0,0.0791,433.0,434.0,411.0,369.0,334.0,391.0,334.0,30.3,22.5,32.3,17.9,385.0,380.0,55.0,84.0,71.0,23.0,71.0,81.0,134.0,0.1578,0.18,36.0,10.22,29.0,13.48,85.0,4.1,0.4235,0.8706,True,3.0,0.5,0.0,0.23,78.0,213.0,368.0,223.0,0.0,77.0,0.6677,0.6677,0.2305,0.00889,0.10889,0.01111,0.13556,0.24444,0.39556,0.09556,732,30,30,1,509,329,13897.1,447.0,425.0,417.0,402.0,393.0,372.0,357.0,352.0,352.0,370.0,372.0,-0.1677852348993288,334.0,397.0,boundary,Attendance boundary changes,boundary,Attendance boundary changes
Laurelhurst Elementary School,k8,Regular School,868.0,411004000913.0,840 NE 41st Ave,Portland,97232,45.5291,-122.6198,False,,False,False,,13332500.0,targeted,,,False,,False,,,,1923.0,44251.0,LRCW,657.0,0.9346,657.0,0.9346,False,False,,,792.0,31.0,781.0,2.0,1.0,0.0,1.0,,,False,False,,,660.0,614.0,-0.0697,692.0,698.0,687.0,651.0,674.0,658.0,674.0,79.3,68.7,77.9,71.3,480.0,477.0,81.0,99.0,87.0,26.0,3.0,68.0,43.0,0.0049,0.1107,34.0,19.12,32.0,20.56,52.0,2.8,0.5192,0.9423,False,2.0,0.0,0.0,0.27,0.0,95.0,650.0,53.0,4.0,29.0,0.0786,0.0846,0.043,0.00326,0.03094,0.00163,0.02117,0.06515,0.73779,0.14007,41,128,63,1,260,34,3861.1,610.0,574.0,607.0,587.0,560.0,542.0,525.0,516.0,498.0,491.0,471.0,-0.2278688524590164,439.0,524.0,program_change,Grade change: Laurelhurst 6–8 to Mt. Tabor MS,program_change,Grade change: Laurelhurst 6–8 to Mt. Tabor MS
Le Monde French Immersion Public Charter School,k8,Charter School,5060.0,411004001814.0,2044 E Burnside St,Portland,97214,45.522606,-122.644656,False,,False,False,,,,,,False,,False,,,,,,,,,,,False,False,,,,,,,,,,,,,,,,376.0,385.0,0.0239,336.0,367.0,390.0,379.0,381.0,378.0,381.0,86.3,85.4,83.3,75.4,233.0,233.0,77.0,77.0,84.0,17.0,1.0,39.0,16.0,0.0026,0.1013,25.0,15.12,30.0,12.6,,,,,,0.0,0.0,0.0,0.0,18.0,63.0,378.0,,,,,,,0.0026,0.02338,0.0,0.02338,0.05714,0.77143,0.12208,2806,569,176,12,1004,66,28993.8,,,,,,,,,,,,,,,,,,
Leodis V. McDaniel High School,high,Regular School,915.0,411004000968.0,3905 SE 91st Ave,Portland,97266,45.541967,-122.580962,False,,False,False,,0.0,full,,,False,,False,239.0,1387.0,0.1467,1955.0,370112.0,Concrete,1739.0,0.935,,,False,False,,,,,,,,,,,,,,,,1681.0,1626.0,-0.0327,1152.0,1070.0,1169.0,1377.0,1440.0,1649.0,1440.0,37.9,24.1,42.5,24.4,229.0,174.0,52.0,77.0,91.0,23.0,169.0,166.0,885.0,0.1039,0.1021,81.0,16.85,99.0,16.66,,,,,,5.5,3.0,0.0,1.0,275.0,826.0,1365.0,936.0,0.0,257.0,0.65,0.65,0.1785,0.00738,0.11255,0.01722,0.12546,0.27429,0.377,0.0861,3047,270,132,4,823,435,27920.8,1629.0,1588.0,1528.0,1476.0,1346.0,1292.0,1261.0,1220.0,1199.0,1167.0,1157.0,-0.2897483118477593,1077.0,1288.0,boundary,Attendance boundary changes,boundary,Attendance boundary changes
Lincoln High School,high,Regular School,914.0,411004000966.0,1750 SW Salmon St.,Portland,97205,45.519344,-122.691262,False,,False,False,,0.0,full,,,False,,False,178.0,1470.0,0.1081,1951.0,233293.0,Concrete,1867.0,0.8827,1866.6,0.8829,False,False,,,2358.0,85.0,875.0,11.0,7.0,3.0,4.0,,,True,False,,,1611.0,1648.0,0.023,1698.0,1588.0,1482.0,1461.0,1525.0,1579.0,1525.0,70.4,40.3,65.1,38.0,319.0,238.0,66.0,90.0,91.0,25.0,25.0,80.0,596.0,0.0152,0.0485,72.0,20.32,76.0,20.78,151.0,3.6,0.3226,0.8065,True,6.0,1.0,0.0,1.0,64.0,519.0,1463.0,151.0,17.0,57.0,0.099,0.1102,0.0374,0.00364,0.08981,0.0,0.04915,0.11104,0.60316,0.1432,13946,1043,103,12,1953,96,64053.0,1647.0,1652.0,1598.0,1589.0,1506.0,1442.0,1411.0,1352.0,1297.0,1230.0,1206.0,-0.2677595628415301,1123.0,1343.0,boundary,Attendance boundary changes,boundary,Attendance boundary changes
Llewellyn Elementary School,elementary,Regular School,872.0,411004000917.0,6301 SE 14th Ave,Portland,97202,45.4772,-122.6523,False,,False,False,,12867500.0,,,,False,,False,,,,1928.0,49755.0,LRCW,528.0,0.6534,528.0,0.6534,False,False,,,612.0,24.0,739.0,0.0,0.0,0.0,1.0,,,False,True,2027.0,,373.0,345.0,-0.0751,485.0,509.0,461.0,395.0,413.0,393.0,413.0,77.3,75.6,80.6,71.0,207.0,201.0,79.0,100.0,91.0,21.0,7.0,83.0,1.0,0.0203,0.2406,23.0,17.22,25.0,15.72,42.0,3.05,0.4524,0.881,False,2.0,0.0,0.0,0.25,33.0,113.0,396.0,51.0,7.0,24.0,0.1235,0.1404,0.0581,0.0058,0.02029,0.0,0.01739,0.09565,0.77681,0.08406,417,10,3,1,136,124,5159.1,345.0,333.0,312.0,303.0,313.0,316.0,312.0,310.0,304.0,297.0,291.0,-0.1565217391304348,271.0,324.0,boundary,Attendance boundary changes,,
Maplewood Elementary School,elementary,Regular School,873.0,411004000918.0,7452 SW 52nd Ave,Portland,97219,45.4709,-122.7297,False,,False,False,,3435000.0,targeted,,,False,,False,,,,1948.0,34353.0,Wood,467.0,0.6167,467.4,0.6162,False,False,,,573.0,21.0,937.0,0.0,1.0,1.0,1.0,,,False,True,2027.0,Stage and stairs exit pathways from gym/auditorium sprinkled.,296.0,288.0,-0.027,383.0,374.0,347.0,291.0,310.0,301.0,310.0,62.4,60.1,62.5,63.6,149.0,148.0,84.0,94.0,88.0,23.0,9.0,38.0,9.0,0.0312,0.1319,19.0,14.84,15.0,20.07,35.0,2.0,0.6765,0.7941,False,1.0,0.5,0.0,0.25,16.0,60.0,282.0,49.0,2.0,26.0,0.1581,0.1645,0.0839,0.00694,0.01389,0.0,0.01736,0.11111,0.67361,0.17708,47,0,0,0,246,80,4516.8,287.0,288.0,278.0,265.0,258.0,261.0,247.0,245.0,240.0,235.0,231.0,-0.1951219512195122,215.0,257.0,closes,Closes,closes,Closes
Markham Elementary School,elementary,Regular School,1278.0,411004000919.0,10531 SW Capitol Hwy,Portland,97219,45.4492,-122.7255,False,,True,False,2200000.0,9367500.0,targeted,,,False,,False,,,,1951.0,82794.0,Wood,588.0,0.5765,561.0,0.6043,False,False,,,738.0,27.0,951.0,0.0,2.0,0.0,1.0,0.0,Neighborhood House Head Start (Head Start),False,False,,Confirm coverage.,341.0,339.0,-0.0059,446.0,430.0,416.0,427.0,426.0,402.0,426.0,61.2,53.4,51.4,50.3,190.0,191.0,79.0,83.0,82.0,21.5,66.0,60.0,54.0,0.1947,0.177,26.0,16.12,25.0,16.08,66.0,1.6,0.8485,0.9848,False,1.0,0.0,0.0,0.25,39.0,108.0,419.0,277.0,0.0,84.0,0.6502,0.6502,0.1972,0.0,0.05605,0.02655,0.17109,0.14749,0.49263,0.10619,42,171,82,2,171,72,5313.9,339.0,325.0,312.0,340.0,347.0,353.0,347.0,339.0,329.0,315.0,309.0,-0.0884955752212389,288.0,344.0,boundary,Attendance boundary changes,,
Marysville Elementary School,k8,Regular School,875.0,411004000920.0,7733 SE Raymond St,Portland,97206,45.4869,-122.5835,False,,True,True,1400000.0,7325000.0,full,SEGC 2023,,False,,False,,,,1921.0,53490.0,Wood,533.0,0.5704,481.7,0.6311,True,False,PPS's 2021 Long-Range Facility Plan and its operational utilization model report different capacities for this building. Both figures are PPS's own.,,672.0,26.0,743.0,1.0,0.0,1.0,1.0,,,False,False,,,318.0,304.0,-0.044,389.0,383.0,405.0,250.0,286.0,359.0,286.0,35.9,25.9,28.4,28.0,172.0,168.0,65.0,97.0,74.0,20.0,51.0,85.0,158.0,0.1678,0.2796,18.0,13.78,23.0,15.61,50.0,2.75,0.58,0.96,False,2.0,0.5,0.0,0.25,144.0,136.0,248.0,206.0,0.0,89.0,0.7203,0.7203,0.3112,0.01645,0.11513,0.05263,0.12171,0.21053,0.35526,0.12829,671,64,29,1,111,39,3932.2,307.0,294.0,300.0,308.0,317.0,317.0,312.0,306.0,297.0,287.0,279.0,-0.0912052117263843,260.0,311.0,closes,Closes,closes,Closes
Metropolitan Learning Center,alternative,Alternative School,916.0,411004000967.0,2033 NW Glisan St,Portland,97209,45.5266,-122.6933,False,,False,False,,19005000.0,,,Alternative K-12 focus,False,,True,,,,1914.0,68135.0,LRCW,,,,,False,False,,,,,,,,,,,,,,,,319.0,275.0,-0.1379,406.0,390.0,377.0,341.0,348.0,337.0,348.0,58.4,44.7,62.2,42.9,209.0,208.0,66.0,88.0,84.0,20.0,4.0,86.0,65.0,0.0145,0.3127,46.0,7.41,23.0,14.65,49.0,5.1,0.3469,0.5714,True,3.0,1.0,0.0,0.25,30.0,110.0,341.0,54.0,3.0,24.0,0.1552,0.1638,0.069,0.0,0.00727,0.0,0.01455,0.11273,0.73455,0.13091,12779,852,103,10,1706,39,42117.4,275.0,266.0,245.0,231.0,215.0,198.0,199.0,200.0,197.0,195.0,193.0,-0.2981818181818181,180.0,215.0,program_change,Program move: Odyssey moves to the MLC site; Grade change: MLC becomes K-8; The MLC (9–12) high school program also closes; students move to their neighborhood high school. It is not counted as a school closure.,program_change,Program move: Odyssey moves to the MLC site; Grade change: MLC becomes K-8; The MLC (9–12) high school program also closes; students move to their neighborhood high school. It is not counted as a school closure.
Mt Tabor Middle School,middle,Regular School,877.0,411004000922.0,5800 SE Ash St,Portland,97215,45.521059,-122.604261,False,,False,False,4900000.0,11707500.0,targeted,,Japanese DLI,True,Japanese,False,222.0,208.0,0.5163,1952.0,83076.0,Wood,682.0,0.6305,681.6,0.6309,False,False,,,909.0,33.0,890.0,1.0,2.0,0.0,2.0,0.0,Columbia Regional Program (Grades 6-8),False,False,,,466.0,430.0,-0.0773,741.0,724.0,721.0,645.0,606.0,504.0,606.0,68.0,63.0,71.2,60.7,462.0,459.0,77.0,100.0,84.0,27.0,28.0,89.0,73.0,0.0651,0.207,32.0,20.06,27.0,18.67,64.0,2.75,0.5938,0.9531,True,3.0,0.5,0.0,0.25,24.0,155.0,642.0,76.0,16.0,26.0,0.1254,0.1518,0.0429,0.0,0.05116,0.0,0.02093,0.10465,0.55814,0.26512,941,0,0,0,245,78,8080.5,430.0,415.0,406.0,411.0,386.0,374.0,354.0,359.0,365.0,366.0,371.0,-0.1372093023255814,333.0,396.0,program_change,Grade change: Laurelhurst 6–8 to Mt. Tabor MS; Attendance boundary changes,program_change,Grade change: Laurelhurst 6–8 to Mt. Tabor MS; Attendance boundary changes
Ockley Green Middle School,middle,Regular School,878.0,411004000925.0,6031 N Montana,Portland,97217,45.567,-122.6807,False,,True,False,,9820000.0,targeted,DBRAC 2018,Spanish DLI,True,Spanish,False,63.0,397.0,0.137,1925.0,69153.0,LRCW,689.0,0.6676,688.8,0.6678,False,False,,,876.0,35.0,779.0,2.0,1.0,2.0,1.0,,,False,False,,"Sprinklers limited to 2nd floor south west exit pathway.
Portsmouth?",409.0,460.0,0.1247,505.0,487.0,486.0,489.0,483.0,428.0,483.0,35.2,31.1,39.8,28.7,419.0,415.0,66.0,66.0,68.0,26.0,28.0,82.0,162.0,0.0609,0.1783,29.0,16.86,26.0,16.46,59.0,3.5,0.322,0.8983,True,2.0,0.5,0.0,0.25,231.0,213.0,489.0,314.0,0.0,104.0,0.6501,0.6501,0.2153,0.0087,0.01739,0.01304,0.17174,0.18043,0.46957,0.13913,2630,381,128,7,973,371,22655.6,460.0,436.0,442.0,405.0,440.0,423.0,436.0,420.0,435.0,444.0,445.0,-0.0326086956521739,399.0,475.0,program_change,Program move: Chavez 6–8 and Ockley Green MS to George MS; Grade change: Faubion 6–8 to Ockley Green MS; Attendance boundary changes,program_change,Program move: Chavez 6–8 and Ockley Green MS to George MS; Grade change: Faubion 6–8 to Ockley Green MS; Attendance boundary changes
Portland Arthur Academy Charter School,elementary,Charter School,4400.0,411004001667.0,7507 SE Yamhill St,Portland,97215,45.5168,-122.586,False,,True,False,,,,,,False,,False,,,,,,,,,,,False,False,,,,,,,,,,,,,,,,165.0,167.0,0.0121,167.0,177.0,177.0,154.0,150.0,164.0,150.0,69.4,54.2,69.7,50.0,73.0,73.0,92.0,38.0,55.0,28.0,10.0,15.0,10.0,0.0599,0.0898,9.0,17.22,10.0,16.4,,,,,,0.0,0.0,0.0,0.0,15.0,11.0,155.0,42.0,0.0,27.0,0.28,0.28,0.18,0.00599,0.34731,0.0,0.1497,0.09581,0.32335,0.07784,214,246,92,4,491,199,10784.1,,,,,,,,,,,,,,,,,,
Portland Village School,k8,Charter School,4534.0,411004001649.0,7654 N Delaware St,Portland,97217,45.5786,-122.6919,False,,False,False,,,,,,False,,False,,,,,,,,,,,False,False,,,,,,,,,,,,,,,,408.0,434.0,0.0637,387.0,390.0,429.0,421.0,410.0,411.0,410.0,49.6,43.6,55.4,46.1,266.0,261.0,64.0,70.0,76.0,24.0,7.0,74.0,9.0,0.0161,0.1705,25.0,16.36,24.0,17.12,,,,,,1.0,0.0,0.0,0.0,75.0,190.0,409.0,77.0,19.0,46.0,0.1878,0.2341,0.1122,0.00461,0.02765,0.0,0.02074,0.13825,0.67512,0.13364,1184,184,80,4,519,235,10594.1,,,,,,,,,,,,,,,,,,
Richmond Elementary School,elementary,Regular School,883.0,411004000930.0,2276 SE 41st Ave,Portland,97214,45.5064,-122.6199,False,,False,True,1720000.0,13477500.0,planned_targeted,,Japanese DLI,True,Japanese,False,512.0,0.0,1.0,1908.0,77070.0,Wood,723.0,0.7082,723.0,0.7082,False,False,,,858.0,30.0,1083.0,0.0,1.0,1.0,1.0,,,False,False,,Main building fully sprinkled. No sprinklers in cafetorium wing.,530.0,512.0,-0.034,632.0,627.0,601.0,551.0,539.0,537.0,539.0,73.5,69.4,74.0,68.9,239.0,236.0,85.0,83.0,87.0,26.5,-22.0,41.0,21.0,-0.043,0.0801,25.0,21.76,22.0,24.41,46.0,0.9,0.913,0.9565,True,1.5,0.5,0.0,0.25,6.0,69.0,544.0,23.0,6.0,15.0,0.0427,0.0538,0.0278,0.0,0.09961,0.0,0.00977,0.06836,0.41992,0.40234,334,507,116,7,615,217,17928.0,512.0,505.0,504.0,502.0,506.0,498.0,497.0,493.0,489.0,484.0,478.0,-0.06640625,445.0,532.0,,,,
Rigler Elementary School,elementary,Regular School,884.0,411004000931.0,5401 NE Prescott St,Portland,97218,45.556,-122.6077,False,,True,True,2845000.0,15615000.0,targeted,,Spanish DLI,True,Spanish,False,289.0,2.0,1.0,1931.0,55312.0,LRCW,589.0,0.4941,588.6,0.4944,False,False,,,789.0,30.0,878.0,0.0,0.0,2.0,1.0,,,False,False,,,303.0,291.0,-0.0396,328.0,307.0,270.0,241.0,223.0,255.0,223.0,35.8,36.1,29.1,30.6,142.0,142.0,73.0,92.0,80.0,22.0,126.0,36.0,7.0,0.433,0.1237,22.0,10.73,18.0,14.17,50.0,1.7,0.7,0.94,True,0.0,0.0,0.0,0.27,0.0,90.0,236.0,144.0,0.0,64.0,0.6457,0.6457,0.287,0.0,0.01031,0.0,0.03436,0.61512,0.30584,0.03436,747,84,60,1,170,71,3932.4,289.0,301.0,306.0,329.0,326.0,320.0,321.0,316.0,310.0,302.0,298.0,0.0311418685121107,277.0,332.0,program_change,Program move: Scott to Rigler,program_change,Program move: Scott to Rigler
Roosevelt High School,high,Regular School,918.0,411004001821.0,6941 N Central St,Portland,97203,45.58911,-122.738383,False,,True,False,,0.0,full,,,False,,False,299.0,1119.0,0.2107,1921.0,271306.0,URM,1320.0,1.0742,1320.0,1.0742,False,False,,,1974.0,71.0,864.0,9.0,4.0,3.0,4.0,0.0,T-Mobile USA (Cell Tower); Multnomah County (Health Clinic); Albina Early Head Start (Teen Parent Services),,False,,Confirm coverage.,1450.0,1418.0,-0.0221,994.0,1195.0,1293.0,1376.0,1484.0,1454.0,1484.0,28.5,8.9,25.2,,296.0,257.0,46.0,81.0,87.0,22.0,214.0,226.0,915.0,0.1509,0.1594,91.0,15.1,87.0,16.71,181.0,2.1,0.7017,0.9613,True,5.5,3.25,0.0,1.0,342.0,957.0,1374.0,968.0,0.0,336.0,0.6523,0.6523,0.2264,0.00564,0.01693,0.01269,0.1213,0.35825,0.3787,0.10649,3429,58,30,1,517,402,16688.3,1419.0,1339.0,1312.0,1250.0,1179.0,1164.0,1117.0,1073.0,1068.0,1038.0,1025.0,-0.2776603241719521,954.0,1141.0,boundary,Attendance boundary changes,boundary,Attendance boundary changes
Rose City Park,elementary,Regular School,5427.0,411004001868.0,2334 NE 57th Ave,Portland,97212,45.539379,-122.604594,False,,False,True,20910000.0,21100000.0,planned_full,,Vietnamese DLI,True,Vietnamese,False,207.0,210.0,0.4964,1912.0,72053.0,URM,636.0,0.6557,636.0,0.6557,False,False,,,744.0,28.0,875.0,0.0,0.0,1.0,1.0,,,False,True,,"Standard Q sprinkler option. Corridors, stairwells, and exit pathways sprinkled. East wing kitchen. Gym, café, and corridors not sprinkled",448.0,417.0,-0.0692,531.0,538.0,527.0,466.0,467.0,464.0,467.0,52.9,56.4,57.6,59.5,228.0,224.0,80.0,86.0,90.0,20.0,92.0,73.0,67.0,0.2206,0.1751,28.0,16.43,29.0,16.0,44.0,3.15,0.4318,0.9091,True,2.0,0.0,0.0,0.27,21.0,122.0,460.0,301.0,0.0,53.0,0.6445,0.6445,0.1135,0.00719,0.32134,0.00959,0.02158,0.07914,0.45803,0.10312,300,0,0,0,78,55,3818.2,417.0,398.0,391.0,366.0,368.0,364.0,370.0,365.0,359.0,349.0,345.0,-0.1726618705035971,321.0,384.0,closes,Closes; Program move: Vietnamese: Rose City Park to Vestal,,
Roseway Heights School,middle,Regular School,885.0,411004000932.0,7334 NE Siskiyou St,Portland,97213,45.544,-122.5876,False,,True,False,,15680750.0,,DBRAC 2018,Spanish DLI; Vietnamese DLI,True,Spanish; Vietnamese,False,157.0,415.0,0.2745,1923.0,95438.0,LRCW,803.0,0.7123,803.2,0.7122,False,False,,,1086.0,41.0,845.0,3.0,2.0,3.0,2.0,,,False,False,,Only the stage is sprinklered.,561.0,572.0,0.0196,587.0,615.0,614.0,592.0,576.0,549.0,576.0,38.8,28.2,31.8,22.7,485.0,464.0,54.0,80.0,79.0,25.0,86.0,97.0,250.0,0.1503,0.1696,35.0,16.77,39.0,14.08,93.0,4.1,0.3763,0.7419,True,2.0,1.0,0.0,0.27,281.0,289.0,587.0,379.0,0.0,112.0,0.658,0.658,0.1944,0.00874,0.12937,0.01748,0.09965,0.20979,0.42657,0.10839,1629,0,0,0,213,188,12062.5,572.0,560.0,554.0,543.0,555.0,535.0,498.0,495.0,512.0,537.0,531.0,-0.0716783216783216,477.0,567.0,program_change,Program move: Beaumont MS to Roseway Heights MS,program_change,Program move: Beaumont MS to Roseway Heights MS
Sabin Elementary School,elementary,Regular School,886.0,411004000933.0,4013 NE 18th Ave,Portland,97212,45.5521,-122.6478,False,,False,True,2600000.0,19320000.0,targeted,DBRAC 2018,,False,,False,,,,1928.0,66929.0,LRCW,559.0,0.483,635.5,0.4249,True,False,PPS's 2021 Long-Range Facility Plan and its operational utilization model report different capacities for this building. Both figures are PPS's own.,,780.0,30.0,817.0,0.0,1.0,1.0,1.0,1.0,MECP - DDSD (Preschool),False,True,2027.0,Sprinklers limited to 2nd floor south west exit pathway.,293.0,270.0,-0.0785,452.0,416.0,361.0,342.0,312.0,302.0,312.0,64.7,57.2,65.6,59.1,168.0,167.0,72.0,92.0,79.0,16.0,10.0,56.0,42.0,0.037,0.2074,17.0,20.12,17.0,17.76,47.0,2.0,0.5957,0.9574,True,1.5,0.5,0.0,0.25,46.0,99.0,342.0,72.0,7.0,45.0,0.2308,0.2532,0.1442,0.01852,0.02222,0.0037,0.1037,0.09259,0.62593,0.13333,400,40,0,1,87,47,3706.0,269.0,258.0,236.0,248.0,240.0,234.0,235.0,232.0,229.0,223.0,220.0,-0.1821561338289963,205.0,245.0,closes,Closes,closes,Closes
Scott Elementary School,elementary,Regular School,887.0,411004000935.0,6700 NE Prescott St,Portland,97218,45.5552,-122.5943,False,,True,False,,11520000.0,,DBRAC 2018,Spanish DLI,True,Spanish,False,222.0,255.0,0.4664,1949.0,62681.0,Wood,643.0,0.7418,642.6,0.7423,False,False,,,813.0,30.0,916.0,2.0,2.0,0.0,1.0,,,False,False,,,493.0,477.0,-0.0325,458.0,485.0,461.0,429.0,450.0,500.0,450.0,41.3,36.9,40.9,38.8,225.0,223.0,72.0,71.0,86.0,18.0,135.0,84.0,131.0,0.283,0.1761,32.0,13.31,34.0,14.71,51.0,3.8,0.3333,0.902,False,1.0,1.0,0.0,0.27,117.0,199.0,426.0,295.0,0.0,143.0,0.6556,0.6556,0.3178,0.02725,0.03145,0.03145,0.10273,0.32704,0.38155,0.09853,562,0,0,0,95,94,4310.3,476.0,496.0,500.0,490.0,485.0,476.0,470.0,456.0,447.0,431.0,424.0,-0.1092436974789916,395.0,472.0,program_change,Program move: Scott to Rigler; Attendance boundary changes,program_change,Program move: Scott to Rigler
Sellwood Middle School,middle,Regular School,888.0,411004000936.0,8300 SE 15th Ave,Portland,97202,45.4626,-122.6506,False,,False,False,,20170000.0,targeted,,,False,,False,,,,1914.0,86823.0,LRCW,683.0,0.8287,683.4,0.8282,False,False,,,804.0,31.0,747.0,4.0,1.0,1.0,1.0,,,False,False,,New east wing sprinklers in pathways of egress and stage. No sprinklers in main building.,575.0,566.0,-0.0157,613.0,587.0,550.0,554.0,563.0,567.0,563.0,71.3,65.7,67.6,61.6,551.0,548.0,75.0,93.0,92.0,29.0,1.0,84.0,29.0,0.0018,0.1484,25.0,22.12,26.0,21.81,66.0,2.3,0.6615,0.9692,True,3.0,0.0,0.0,0.25,107.0,171.0,553.0,60.0,8.0,28.0,0.1066,0.1208,0.0497,0.0,0.01943,0.0,0.00707,0.07951,0.79505,0.09894,747,10,3,1,631,291,12277.1,564.0,537.0,523.0,484.0,439.0,382.0,350.0,362.0,364.0,380.0,380.0,-0.3262411347517731,341.0,405.0,closes,Closes,closes,Closes
Sitton Elementary School,elementary,Regular School,889.0,411004000937.0,9930 N Smith St,Portland,97203,45.6,-122.7584,False,,True,False,,5685000.0,targeted,,Spanish DLI,True,Spanish,False,138.0,208.0,0.4,1949.0,58762.0,Wood,467.0,0.7409,467.1,0.7407,False,False,,,684.0,25.0,931.0,0.0,1.0,0.0,1.0,,,False,False,,"Fully sprinkled east wing & stage, approximately 1/3 of the school",339.0,346.0,0.0206,367.0,374.0,339.0,307.0,345.0,335.0,345.0,40.1,38.9,41.4,39.3,162.0,162.0,56.0,74.0,81.0,20.0,91.0,71.0,122.0,0.263,0.2052,29.0,10.52,28.0,11.96,53.0,2.7,0.6226,0.9434,False,1.0,0.5,0.0,0.25,42.0,176.0,305.0,243.0,0.0,137.0,0.7043,0.7043,0.3971,0.00578,0.03179,0.01156,0.11561,0.39306,0.32948,0.11272,691,0,0,0,69,65,3048.6,345.0,340.0,333.0,319.0,317.0,315.0,311.0,308.0,301.0,291.0,286.0,-0.1710144927536231,266.0,318.0,program_change,"Program move: Spanish: Beach, James John, and Sitton to Cesar Chavez; Attendance boundary changes",program_change,"Program move: Spanish: Beach, James John, and Sitton to Cesar Chavez; Attendance boundary changes"
Stephenson Elementary School,elementary,Regular School,892.0,411004000940.0,2627 SW Stephenson St,Portland,97219,45.4409,-122.704,False,,False,False,,7347500.0,targeted,,,False,,False,,,,1965.0,40539.0,Wood,552.0,0.5091,552.0,0.5091,False,False,,,579.0,21.0,970.0,0.0,1.0,0.0,1.0,,,False,False,,"Sprinklers are tied into domestic water, 4 heads total in new addition, 2 in the corridor & 2 at restroom entries.",285.0,281.0,-0.014,347.0,371.0,323.0,320.0,307.0,310.0,307.0,77.6,76.9,80.0,73.1,147.0,147.0,90.0,83.0,85.0,21.0,10.0,48.0,15.0,0.0356,0.1708,16.0,19.62,15.0,20.67,31.0,2.6,0.6129,0.9677,True,1.5,0.0,0.0,0.25,3.0,40.0,314.0,25.0,3.0,13.0,0.0814,0.0912,0.0423,0.00356,0.03559,0.0,0.02847,0.09609,0.68327,0.15302,0,201,155,2,23,22,2923.4,281.0,267.0,271.0,264.0,251.0,260.0,261.0,257.0,253.0,247.0,242.0,-0.1387900355871886,225.0,269.0,closes,Closes,,
Sunnyside Environmental School,k8,Regular School,893.0,411004000941.0,3421 SE Salmon St,Portland,97214,45.5146,-122.6289,False,,False,False,,12490000.0,,,Environmental focus,False,,True,,,,1925.0,54361.0,LRCW,546.0,0.8883,,,False,False,,,,,,,,,,,,,,,,461.0,485.0,0.0521,581.0,549.0,525.0,470.0,465.0,447.0,465.0,60.8,52.9,59.8,51.3,310.0,309.0,81.0,96.0,89.0,25.0,6.0,97.0,17.0,0.0124,0.2,25.0,18.8,24.0,18.62,47.0,2.3,0.5957,1.0,False,1.5,0.5,0.0,0.25,36.0,137.0,470.0,85.0,18.0,48.0,0.1828,0.2215,0.1032,0.0,0.01237,0.00206,0.01443,0.10309,0.74227,0.12577,203,186,88,3,128,21,6038.8,485.0,482.0,484.0,481.0,474.0,478.0,475.0,483.0,485.0,477.0,476.0,-0.0185567010309278,443.0,530.0,program_change,Grade change: Sunnyside Environmental 6–8 to Hosford MS; Attendance boundary changes,program_change,Grade change: Sunnyside Environmental 6–8 to Hosford MS; Attendance boundary changes
Vernon Elementary School,k8,Regular School,895.0,411004000944.0,2044 NE Killingsworth St,Portland,97211,45.5624,-122.6439,False,,False,True,2450000.0,6265000.0,planned_targeted,,,False,,False,,,,1931.0,68091.0,LRCW,579.0,0.9309,579.0,0.9309,False,False,,,768.0,30.0,795.0,2.0,0.0,2.0,1.0,,,False,True,2027.0,Single sprinklers heads in selected custodial closets & storage,564.0,539.0,-0.0443,546.0,608.0,570.0,517.0,555.0,579.0,555.0,56.1,53.5,52.4,45.1,379.0,388.0,71.0,97.0,88.0,24.0,28.0,68.0,113.0,0.0519,0.1262,31.0,16.68,30.0,19.3,58.0,0.6,0.931,0.9655,False,2.0,0.0,0.0,0.25,53.0,166.0,517.0,360.0,0.0,108.0,0.6486,0.6486,0.1946,0.00742,0.00742,0.0,0.141,0.12245,0.55102,0.17069,336,84,60,1,291,180,6122.8,541.0,515.0,492.0,488.0,477.0,463.0,453.0,448.0,444.0,447.0,444.0,-0.1792975970425138,413.0,494.0,program_change,Grade change: Vernon 6–8 to Harriet Tubman MS,program_change,Grade change: Vernon 6–8 to Harriet Tubman MS
Vestal Elementary School,elementary,Regular School,896.0,411004000945.0,161 NE 82nd Ave,Portland,97220,45.5246,-122.5796,False,,True,False,,17450000.0,,DBRAC 2018,,False,,False,,,,1929.0,63382.0,LRCW,554.0,0.5162,430.2,0.6648,True,True,PPS's 2021 Long-Range Facility Plan and its operational utilization model report different capacities for this building. Both figures are PPS's own.,,702.0,27.0,818.0,1.0,1.0,0.0,1.0,0.0,CAIRO (Preschool),False,True,2027.0,,257.0,286.0,0.1128,272.0,249.0,228.0,207.0,230.0,225.0,230.0,36.9,30.9,35.0,34.0,117.0,117.0,70.0,76.0,73.0,18.0,25.0,48.0,44.0,0.0874,0.1678,27.0,7.56,17.0,13.24,41.0,3.9,0.4146,0.9756,True,2.5,0.5,0.0,0.27,78.0,90.0,204.0,152.0,0.0,58.0,0.6609,0.6609,0.2522,0.0,0.05944,0.02098,0.12937,0.18881,0.45804,0.14336,252,186,72,3,330,135,6332.9,283.0,288.0,294.0,290.0,292.0,287.0,279.0,278.0,270.0,267.0,262.0,-0.0742049469964664,244.0,292.0,program_change,Program move: Vietnamese: Rose City Park to Vestal,,
West Sylvan Middle School,middle,Regular School,898.0,411004000947.0,8111 SW West Slope Dr,Portland,97225,45.504712,-122.760447,False,,False,False,,12552500.0,,,Spanish DLI,True,Spanish,False,116.0,569.0,0.1698,1954.0,102209.0,Wood,987.0,0.694,986.9,0.6941,False,False,,,1161.0,42.0,1022.0,4.0,4.0,2.0,2.0,,,True,False,,,670.0,685.0,0.0224,822.0,833.0,800.0,730.0,757.0,723.0,757.0,69.4,63.3,69.1,56.3,671.0,655.0,76.0,87.0,77.0,29.0,6.0,68.0,106.0,0.0088,0.0993,46.0,15.85,32.0,22.59,80.0,1.7,0.725,0.95,True,2.8,0.0,0.0,0.25,70.0,213.0,729.0,91.0,8.0,37.0,0.1202,0.1308,0.0489,0.00584,0.07737,0.00146,0.04672,0.12847,0.58394,0.1562,13946,1043,103,12,1936,81,63008.5,683.0,653.0,687.0,647.0,670.0,645.0,620.0,595.0,600.0,645.0,649.0,-0.0497803806734992,582.0,693.0,,,,
Winterhaven School,k8,Regular School,1364.0,411004001102.0,3830 SE 14th Ave,Portland,97202,45.4949,-122.6509,False,,False,True,810000.0,8632500.0,planned_targeted,,STEAM focus,False,,True,,,,1930.0,38092.0,LRCW,261.0,1.2107,261.0,1.2107,False,False,,,396.0,15.0,839.0,1.0,0.0,1.0,1.0,,,False,True,2027.0,,322.0,316.0,-0.0186,321.0,299.0,291.0,292.0,313.0,315.0,313.0,88.4,86.6,81.5,83.5,232.0,231.0,88.0,91.0,89.0,25.0,2.0,26.0,12.0,0.0063,0.0823,15.0,19.47,16.0,19.69,32.0,0.0,0.9688,1.0,True,1.5,0.0,0.0,0.25,4.0,48.0,292.0,54.0,8.0,19.0,0.1725,0.1981,0.0607,0.00316,0.05696,0.0,0.01266,0.08544,0.70253,0.13924,896,374,100,3,353,164,9319.0,316.0,315.0,311.0,312.0,312.0,311.0,310.0,310.0,310.0,309.0,308.0,-0.0253164556962025,287.0,343.0,,,,
Woodlawn Elementary School,elementary,Regular School,902.0,411004000952.0,7200 NE 11th Ave,Portland,97211,45.575,-122.6532,False,,True,False,,14932500.0,targeted,,,False,,False,,,,1926.0,58608.0,LRCW,644.0,0.5016,669.8,0.4822,False,False,,,816.0,32.0,756.0,2.0,0.0,1.0,1.0,1.0,MECP - DDSD (Preschool),False,True,2027.0,"Sprinklers are limited to the second floor north & south wings, majority of the class rooms are open pods. Area between N & S wings is not sprinkled",306.0,323.0,0.0556,335.0,308.0,318.0,285.0,287.0,299.0,287.0,51.9,52.6,48.6,47.3,160.0,158.0,66.0,77.0,86.0,17.0,25.0,68.0,110.0,0.0774,0.2105,19.0,14.74,18.0,16.61,59.0,1.8,0.7288,0.9831,True,1.5,0.0,0.0,0.25,34.0,122.0,280.0,186.0,0.0,80.0,0.6481,0.6481,0.2787,0.00619,0.00619,0.0,0.26006,0.2322,0.37152,0.12384,391,0,0,0,72,71,4942.3,323.0,320.0,300.0,315.0,298.0,291.0,289.0,283.0,279.0,270.0,265.0,-0.1795665634674922,247.0,295.0,,,,
Woodstock Elementary School,elementary,Regular School,904.0,411004000954.0,5601 SE 50th Ave,Portland,97206,45.4821,-122.612,False,,False,False,255000.0,8252500.0,,,Chinese DLI,True,Chinese,False,190.0,176.0,0.5177,1910.0,69135.0,Wood,648.0,0.5648,648.0,0.5648,False,False,,,756.0,29.0,818.0,0.0,0.0,1.0,1.0,,,False,False,,Only the stage is sprinklered.,393.0,366.0,-0.0687,548.0,543.0,528.0,479.0,491.0,451.0,491.0,63.9,62.1,61.9,55.6,233.0,232.0,86.0,97.0,93.0,19.5,80.0,51.0,23.0,0.2186,0.1393,28.0,17.07,28.0,16.11,51.0,2.1,0.8039,0.9804,True,2.0,0.0,0.0,0.25,27.0,95.0,478.0,103.0,23.0,46.0,0.2098,0.2566,0.0937,0.0,0.22951,0.0,0.02459,0.09016,0.46175,0.19399,0,0,0,0,191,78,2815.1,367.0,353.0,342.0,344.0,337.0,336.0,325.0,319.0,309.0,303.0,301.0,-0.1798365122615803,280.0,335.0,program_change,Program move: Mandarin: Clark to Woodstock,program_change,Program move: Mandarin: Clark to Woodstock
da Vinci Middle School,middle,Regular School,1363.0,411004001079.0,2508 NE Everett,Portland,97232,45.5246,-122.6402,False,,False,False,,20742500.0,,,,False,,False,,,,1928.0,91876.0,LRCW,714.0,0.6008,714.0,0.6008,False,False,,,855.0,32.0,832.0,2.0,1.0,0.0,1.0,,,False,False,,,427.0,429.0,0.0047,456.0,450.0,443.0,415.0,434.0,406.0,434.0,64.7,33.4,57.1,37.6,399.0,392.0,67.0,85.0,85.0,28.0,2.0,68.0,70.0,0.0047,0.1585,22.0,18.86,24.0,16.92,68.0,2.5,0.5294,0.8824,True,2.0,0.0,0.0,0.27,55.0,137.0,415.0,130.0,18.0,45.0,0.2995,0.341,0.1037,0.00699,0.00932,0.0,0.05128,0.17249,0.64103,0.11888,1521,569,176,12,900,71,24153.8,429.0,430.0,430.0,430.0,428.0,424.0,419.0,415.0,412.0,411.0,409.0,-0.0466200466200466,367.0,436.0,,,,
ACCESS Academy,alternative,alternative,,,6318 S Corbett Ave,Portland,97239,45.4783395,-122.6753753,False,,,,,,,,TAG / accelerated focus,False,,True,,,,,,,,,,,,,,,,,,,,,,,,,,,,,,,,,,,,,,,,,,,,,,,,,,,,,,,,,,,,,,,,,,,,,,,,,,,,,,,,,,47,100,40,1,52,48,5342.6,324.0,315.0,310.0,296.0,286.0,278.0,275.0,274.0,276.0,277.0,277.0,-0.1450617283950617,258.0,308.0,,,,
