school_key,ode_school_name,k5_2025_26,g68_2025_26,k5_share,district_k5_share_2025_26
Astor,Astor Elementary School,264,137,0.6584,0.6572
Beverly Cleary,Beverly Cleary School,276,204,0.575,0.6572
Bridger Creative Science,Bridger Creative Science School,306,140,0.6861,0.6572
César Chávez,César Chávez K-8 School,273,170,0.6163,0.6572
Faubion,Faubion Elementary School,377,223,0.6283,0.6572
Laurelhurst,Laurelhurst Elementary School,379,235,0.6173,0.6572
Skyline,Skyline Elementary School,139,68,0.6715,0.6572
Sunnyside Environmental,Sunnyside Environmental School,292,193,0.6021,0.6572
Vernon,Vernon Elementary School,344,195,0.6382,0.6572
Winterhaven,Winterhaven School,166,150,0.5253,0.6572
